"Venue type",Gender,Discipline,"Result shift","Conversion factor","Point shift"
m,50m,resultShift,,,
m,50m,conversionFactor,,,
m,50m,pointShift,,,
m,55m,resultShift,,,
m,55m,conversionFactor,,,
m,55m,pointShift,,,
m,60m,resultShift,,,
m,60m,conversionFactor,,,
m,60m,pointShift,,,
m,50mh,resultShift,,,
m,50mh,conversionFactor,,,
m,50mh,pointShift,,,
m,55mh,resultShift,,,
m,55mh,conversionFactor,,,
m,55mh,pointShift,,,
m,60mh,resultShift,,,
m,60mh,conversionFactor,,,
m,60mh,pointShift,,,
m,100m,resultShift,,,
m,100m,conversionFactor,,,
m,100m,pointShift,,,
m,200m,resultShift,,,
m,200m,conversionFactor,,,
m,200m,pointShift,,,
m,200m_short,resultShift,,,
m,200m_short,conversionFactor,,,
m,200m_short,pointShift,,,
m,300m,resultShift,,,
m,300m,conversionFactor,,,
m,300m,pointShift,,,
m,300m_short,resultShift,,,
m,300m_short,conversionFactor,,,
m,300m_short,pointShift,,,
m,400m,resultShift,,,
m,400m,conversionFactor,,,
m,400m,pointShift,,,
m,400m_short,resultShift,,,
m,400m_short,conversionFactor,,,
m,400m_short,pointShift,,,
m,500m,resultShift,,,
m,500m,conversionFactor,,,
m,500m,pointShift,,,
m,500m_short,resultShift,,,
m,500m_short,conversionFactor,,,
m,500m_short,pointShift,,,
m,600m,resultShift,,,
m,600m,conversionFactor,,,
m,600m,pointShift,,,
m,600m_short,resultShift,,,
m,600m_short,conversionFactor,,,
m,600m_short,pointShift,,,
m,800m,resultShift,,,
m,800m,conversionFactor,,,
m,800m,pointShift,,,
m,800m_short,resultShift,,,
m,800m_short,conversionFactor,,,
m,800m_short,pointShift,,,
m,1000m,resultShift,,,
m,1000m,conversionFactor,,,
m,1000m,pointShift,,,
m,1000m_short,resultShift,,,
m,1000m_short,conversionFactor,,,
m,1000m_short,pointShift,,,
m,1500m,resultShift,,,
m,1500m,conversionFactor,,,
m,1500m,pointShift,,,
m,1500m_short,resultShift,,,
m,1500m_short,conversionFactor,,,
m,1500m_short,pointShift,,,
m,1mile,resultShift,,,
m,1mile,conversionFactor,,,
m,1mile,pointShift,,,
m,1mile_short,resultShift,,,
m,1mile_short,conversionFactor,,,
m,1mile_short,pointShift,,,
m,2000m,resultShift,,,
m,2000m,conversionFactor,,,
m,2000m,pointShift,,,
m,2000m_short,resultShift,,,
m,2000m_short,conversionFactor,,,
m,2000m_short,pointShift,,,
m,3000m,resultShift,,,
m,3000m,conversionFactor,,,
m,3000m,pointShift,,,
m,3000m_short,resultShift,,,
m,3000m_short,conversionFactor,,,
m,3000m_short,pointShift,,,
m,2miles,resultShift,,,
m,2miles,conversionFactor,,,
m,2miles,pointShift,,,
m,2miles_short,resultShift,,,
m,2miles_short,conversionFactor,,,
m,2miles_short,pointShift,,,
m,5000m,resultShift,,,
m,5000m,conversionFactor,,,
m,5000m,pointShift,,,
m,5000m_short,resultShift,,,
m,5000m_short,conversionFactor,,,
m,5000m_short,pointShift,,,
m,10000m,resultShift,,,
m,10000m,conversionFactor,,,
m,10000m,pointShift,,,
m,110mh,resultShift,,,
m,110mh,conversionFactor,,,
m,110mh,pointShift,,,
m,300mh,resultShift,,,
m,300mh,conversionFactor,,,
m,300mh,pointShift,,,
m,400mh,resultShift,,,
m,400mh,conversionFactor,,,
m,400mh,pointShift,,,
m,2000mSt,resultShift,,,
m,2000mSt,conversionFactor,,,
m,2000mSt,pointShift,,,
m,3000mSt,resultShift,,,
m,3000mSt,conversionFactor,,,
m,3000mSt,pointShift,,,
m,4x100m,resultShift,,,
m,4x100m,conversionFactor,,,
m,4x100m,pointShift,,,
m,4x200m,resultShift,,,
m,4x200m,conversionFactor,,,
m,4x200m,pointShift,,,
m,4x200m_short,resultShift,,,
m,4x200m_short,conversionFactor,,,
m,4x200m_short,pointShift,,,
m,4x400m,resultShift,,,
m,4x400m,conversionFactor,,,
m,4x400m,pointShift,,,
m,4x400m_short,resultShift,,,
m,4x400m_short,conversionFactor,,,
m,4x400m_short,pointShift,,,
m,mixed_4x400m,resultShift,,,
m,mixed_4x400m,conversionFactor,,,
m,mixed_4x400m,pointShift,,,
m,mixed_4x400m_short,resultShift,,,
m,mixed_4x400m_short,conversionFactor,,,
m,mixed_4x400m_short,pointShift,,,
m,5km,resultShift,,,
m,5km,conversionFactor,,,
m,5km,pointShift,,,
m,10km,resultShift,,,
m,10km,conversionFactor,,,
m,10km,pointShift,,,
m,15km,resultShift,,,
m,15km,conversionFactor,,,
m,15km,pointShift,,,
m,10miles,resultShift,,,
m,10miles,conversionFactor,,,
m,10miles,pointShift,,,
m,20km,resultShift,,,
m,20km,conversionFactor,,,
m,20km,pointShift,,,
m,half_marathon,resultShift,,,
m,half_marathon,conversionFactor,,,
m,half_marathon,pointShift,,,
m,25km,resultShift,,,
m,25km,conversionFactor,,,
m,25km,pointShift,,,
m,30km,resultShift,,,
m,30km,conversionFactor,,,
m,30km,pointShift,,,
m,marathon,resultShift,,,
m,marathon,conversionFactor,,,
m,marathon,pointShift,,,
m,100km,resultShift,,,
m,100km,conversionFactor,,,
m,100km,pointShift,,,
m,3kmW,resultShift,,,
m,3kmW,conversionFactor,,,
m,3kmW,pointShift,,,
m,5kmW,resultShift,,,
m,5kmW,conversionFactor,,,
m,5kmW,pointShift,,,
m,10kmW,resultShift,,,
m,10kmW,conversionFactor,,,
m,10kmW,pointShift,,,
m,15kmW,resultShift,,,
m,15kmW,conversionFactor,,,
m,15kmW,pointShift,,,
m,20kmW,resultShift,,,
m,20kmW,conversionFactor,,,
m,20kmW,pointShift,,,
m,half_marathonW,resultShift,,,
m,half_marathonW,conversionFactor,,,
m,half_marathonW,pointShift,,,
m,30kmW,resultShift,,,
m,30kmW,conversionFactor,,,
m,30kmW,pointShift,,,
m,35kmW,resultShift,,,
m,35kmW,conversionFactor,,,
m,35kmW,pointShift,,,
m,marathonW,resultShift,,,
m,marathonW,conversionFactor,,,
m,marathonW,pointShift,,,
m,50kmW,resultShift,,,
m,50kmW,conversionFactor,,,
m,50kmW,pointShift,,,
m,3000mW,resultShift,,,
m,3000mW,conversionFactor,,,
m,3000mW,pointShift,,,
m,5000mW,resultShift,,,
m,5000mW,conversionFactor,,,
m,5000mW,pointShift,,,
m,10000mW,resultShift,,,
m,10000mW,conversionFactor,,,
m,10000mW,pointShift,,,
m,15000mW,resultShift,,,
m,15000mW,conversionFactor,,,
m,15000mW,pointShift,,,
m,20000mW,resultShift,,,
m,20000mW,conversionFactor,,,
m,20000mW,pointShift,,,
m,30000mW,resultShift,,,
m,30000mW,conversionFactor,,,
m,30000mW,pointShift,,,
m,35000mW,resultShift,,,
m,35000mW,conversionFactor,,,
m,35000mW,pointShift,,,
m,50000mW,resultShift,,,
m,50000mW,conversionFactor,,,
m,50000mW,pointShift,,,
m,high_jump,resultShift,,,
m,high_jump,conversionFactor,,,
m,high_jump,pointShift,,,
m,pole_vault,resultShift,,,
m,pole_vault,conversionFactor,,,
m,pole_vault,pointShift,,,
m,long_jump,resultShift,,,
m,long_jump,conversionFactor,,,
m,long_jump,pointShift,,,
m,triple_jump,resultShift,,,
m,triple_jump,conversionFactor,,,
m,triple_jump,pointShift,,,
m,shot_put,resultShift,,,
m,shot_put,conversionFactor,,,
m,shot_put,pointShift,,,
m,discus_throw,resultShift,,,
m,discus_throw,conversionFactor,,,
m,discus_throw,pointShift,,,
m,hammer_throw,resultShift,,,
m,hammer_throw,conversionFactor,,,
m,hammer_throw,pointShift,,,
m,javelin_throw,resultShift,,,
m,javelin_throw,conversionFactor,,,
m,javelin_throw,pointShift,,,
m,decathlon,resultShift,,,
m,decathlon,conversionFactor,,,
m,decathlon,pointShift,,,
m,heptathlon,resultShift,,,
m,heptathlon,conversionFactor,,,
m,heptathlon,pointShift,,,
f,50m,resultShift,,,
f,50m,conversionFactor,,,
f,50m,pointShift,,,
f,55m,resultShift,,,
f,55m,conversionFactor,,,
f,55m,pointShift,,,
f,60m,resultShift,,,
f,60m,conversionFactor,,,
f,60m,pointShift,,,
f,50mh,resultShift,,,
f,50mh,conversionFactor,,,
f,50mh,pointShift,,,
f,55mh,resultShift,,,
f,55mh,conversionFactor,,,
f,55mh,pointShift,,,
f,60mh,resultShift,,,
f,60mh,conversionFactor,,,
f,60mh,pointShift,,,
f,100m,resultShift,,,
f,100m,conversionFactor,,,
f,100m,pointShift,,,
f,200m,resultShift,,,
f,200m,conversionFactor,,,
f,200m,pointShift,,,
f,200m_short,resultShift,,,
f,200m_short,conversionFactor,,,
f,200m_short,pointShift,,,
f,300m,resultShift,,,
f,300m,conversionFactor,,,
f,300m,pointShift,,,
f,300m_short,resultShift,,,
f,300m_short,conversionFactor,,,
f,300m_short,pointShift,,,
f,400m,resultShift,,,
f,400m,conversionFactor,,,
f,400m,pointShift,,,
f,400m_short,resultShift,,,
f,400m_short,conversionFactor,,,
f,400m_short,pointShift,,,
f,500m,resultShift,,,
f,500m,conversionFactor,,,
f,500m,pointShift,,,
f,500m_short,resultShift,,,
f,500m_short,conversionFactor,,,
f,500m_short,pointShift,,,
f,600m,resultShift,,,
f,600m,conversionFactor,,,
f,600m,pointShift,,,
f,600m_short,resultShift,,,
f,600m_short,conversionFactor,,,
f,600m_short,pointShift,,,
f,800m,resultShift,,,
f,800m,conversionFactor,,,
f,800m,pointShift,,,
f,800m_short,resultShift,,,
f,800m_short,conversionFactor,,,
f,800m_short,pointShift,,,
f,1000m,resultShift,,,
f,1000m,conversionFactor,,,
f,1000m,pointShift,,,
f,1000m_short,resultShift,,,
f,1000m_short,conversionFactor,,,
f,1000m_short,pointShift,,,
f,1500m,resultShift,,,
f,1500m,conversionFactor,,,
f,1500m,pointShift,,,
f,1500m_short,resultShift,,,
f,1500m_short,conversionFactor,,,
f,1500m_short,pointShift,,,
f,1mile,resultShift,,,
f,1mile,conversionFactor,,,
f,1mile,pointShift,,,
f,1mile_short,resultShift,,,
f,1mile_short,conversionFactor,,,
f,1mile_short,pointShift,,,
f,2000m,resultShift,,,
f,2000m,conversionFactor,,,
f,2000m,pointShift,,,
f,2000m_short,resultShift,,,
f,2000m_short,conversionFactor,,,
f,2000m_short,pointShift,,,
f,3000m,resultShift,,,
f,3000m,conversionFactor,,,
f,3000m,pointShift,,,
f,3000m_short,resultShift,,,
f,3000m_short,conversionFactor,,,
f,3000m_short,pointShift,,,
f,2miles,resultShift,,,
f,2miles,conversionFactor,,,
f,2miles,pointShift,,,
f,2miles_short,resultShift,,,
f,2miles_short,conversionFactor,,,
f,2miles_short,pointShift,,,
f,5000m,resultShift,,,
f,5000m,conversionFactor,,,
f,5000m,pointShift,,,
f,5000m_short,resultShift,,,
f,5000m_short,conversionFactor,,,
f,5000m_short,pointShift,,,
f,10000m,resultShift,,,
f,10000m,conversionFactor,,,
f,10000m,pointShift,,,
f,100mh,resultShift,,,
f,100mh,conversionFactor,,,
f,100mh,pointShift,,,
f,300mh,resultShift,,,
f,300mh,conversionFactor,,,
f,300mh,pointShift,,,
f,400mh,resultShift,,,
f,400mh,conversionFactor,,,
f,400mh,pointShift,,,
f,2000mSt,resultShift,,,
f,2000mSt,conversionFactor,,,
f,2000mSt,pointShift,,,
f,3000mSt,resultShift,,,
f,3000mSt,conversionFactor,,,
f,3000mSt,pointShift,,,
f,4x100m,resultShift,,,
f,4x100m,conversionFactor,,,
f,4x100m,pointShift,,,
f,4x200m,resultShift,,,
f,4x200m,conversionFactor,,,
f,4x200m,pointShift,,,
f,4x200m_short,resultShift,,,
f,4x200m_short,conversionFactor,,,
f,4x200m_short,pointShift,,,
f,4x400m,resultShift,,,
f,4x400m,conversionFactor,,,
f,4x400m,pointShift,,,
f,4x400m_short,resultShift,,,
f,4x400m_short,conversionFactor,,,
f,4x400m_short,pointShift,,,
f,mixed_4x400m,resultShift,,,
f,mixed_4x400m,conversionFactor,,,
f,mixed_4x400m,pointShift,,,
f,mixed_4x400m_short,resultShift,,,
f,mixed_4x400m_short,conversionFactor,,,
f,mixed_4x400m_short,pointShift,,,
f,5km,resultShift,,,
f,5km,conversionFactor,,,
f,5km,pointShift,,,
f,10km,resultShift,,,
f,10km,conversionFactor,,,
f,10km,pointShift,,,
f,15km,resultShift,,,
f,15km,conversionFactor,,,
f,15km,pointShift,,,
f,10miles,resultShift,,,
f,10miles,conversionFactor,,,
f,10miles,pointShift,,,
f,20km,resultShift,,,
f,20km,conversionFactor,,,
f,20km,pointShift,,,
f,half_marathon,resultShift,,,
f,half_marathon,conversionFactor,,,
f,half_marathon,pointShift,,,
f,25km,resultShift,,,
f,25km,conversionFactor,,,
f,25km,pointShift,,,
f,30km,resultShift,,,
f,30km,conversionFactor,,,
f,30km,pointShift,,,
f,marathon,resultShift,,,
f,marathon,conversionFactor,,,
f,marathon,pointShift,,,
f,100km,resultShift,,,
f,100km,conversionFactor,,,
f,100km,pointShift,,,
f,3kmW,resultShift,,,
f,3kmW,conversionFactor,,,
f,3kmW,pointShift,,,
f,5kmW,resultShift,,,
f,5kmW,conversionFactor,,,
f,5kmW,pointShift,,,
f,10kmW,resultShift,,,
f,10kmW,conversionFactor,,,
f,10kmW,pointShift,,,
f,15kmW,resultShift,,,
f,15kmW,conversionFactor,,,
f,15kmW,pointShift,,,
f,20kmW,resultShift,,,
f,20kmW,conversionFactor,,,
f,20kmW,pointShift,,,
f,half_marathonW,resultShift,,,
f,half_marathonW,conversionFactor,,,
f,half_marathonW,pointShift,,,
f,30kmW,resultShift,,,
f,30kmW,conversionFactor,,,
f,30kmW,pointShift,,,
f,35kmW,resultShift,,,
f,35kmW,conversionFactor,,,
f,35kmW,pointShift,,,
f,marathonW,resultShift,,,
f,marathonW,conversionFactor,,,
f,marathonW,pointShift,,,
f,50kmW,resultShift,,,
f,50kmW,conversionFactor,,,
f,50kmW,pointShift,,,
f,3000mW,resultShift,,,
f,3000mW,conversionFactor,,,
f,3000mW,pointShift,,,
f,5000mW,resultShift,,,
f,5000mW,conversionFactor,,,
f,5000mW,pointShift,,,
f,10000mW,resultShift,,,
f,10000mW,conversionFactor,,,
f,10000mW,pointShift,,,
f,15000mW,resultShift,,,
f,15000mW,conversionFactor,,,
f,15000mW,pointShift,,,
f,20000mW,resultShift,,,
f,20000mW,conversionFactor,,,
f,20000mW,pointShift,,,
f,30000mW,resultShift,,,
f,30000mW,conversionFactor,,,
f,30000mW,pointShift,,,
f,35000mW,resultShift,,,
f,35000mW,conversionFactor,,,
f,35000mW,pointShift,,,
f,50000mW,resultShift,,,
f,50000mW,conversionFactor,,,
f,50000mW,pointShift,,,
f,high_jump,resultShift,,,
f,high_jump,conversionFactor,,,
f,high_jump,pointShift,,,
f,pole_vault,resultShift,,,
f,pole_vault,conversionFactor,,,
f,pole_vault,pointShift,,,
f,long_jump,resultShift,,,
f,long_jump,conversionFactor,,,
f,long_jump,pointShift,,,
f,triple_jump,resultShift,,,
f,triple_jump,conversionFactor,,,
f,triple_jump,pointShift,,,
f,shot_put,resultShift,,,
f,shot_put,conversionFactor,,,
f,shot_put,pointShift,,,
f,discus_throw,resultShift,,,
f,discus_throw,conversionFactor,,,
f,discus_throw,pointShift,,,
f,hammer_throw,resultShift,,,
f,hammer_throw,conversionFactor,,,
f,hammer_throw,pointShift,,,
f,javelin_throw,resultShift,,,
f,javelin_throw,conversionFactor,,,
f,javelin_throw,pointShift,,,
f,heptathlon,resultShift,,,
f,heptathlon,conversionFactor,,,
f,heptathlon,pointShift,,,
f,pentathlon,resultShift,,,
f,pentathlon,conversionFactor,,,
f,pentathlon,pointShift,,,
