gender;event_id;discipline;track_type;source_label;measurement;expected_points;mark;normalized_result;actual_points;delta
m;50mh;50mh;long;Hurdles · 50mH;time;854;7.35;7.35;855;1
m;110mh;110mh;long;Hurdles · 110mH;time;765;15.80;15.8;766;1
m;4x400m_short;4x400m;short;Relays · 4x400m sh;time;489;4:00.00;240;488;-1
m;2000m_short;2000m;short;Middle II · 2000m sh;time;904;5:28.00;328;903;-1
m;5000m_short;5000m;short;Long Distances · 5000m sh;time;1044;14:00.00;840;1043;-1
m;15km;15km;long;Road I · 15 km;time;316;1:00:59.04;3659.04;315;-1
m;15km;15km;long;Road I · 15 km;time;237;1:03:41.04;3821.04;236;-1
m;15km;15km;long;Road I · 15 km;time;43;1:13:42.04;4422.04;42;-1
m;10miles;10miles;long;Road I · 10 Miles;time;277;1:07:07.02;4027.02;276;-1
m;10miles;10miles;long;Road I · 10 Miles;time;229;1:08:58.04;4138.04;228;-1
m;10miles;10miles;long;Road I · 10 Miles;time;96;1:15:30.04;4530.04;95;-1
m;10miles;10miles;long;Road I · 10 Miles;time;6;1:24:30.04;5070.04;5;-1
m;20km;20km;long;Road I · 20 km;time;1352;52:53;3173;1351;-1
m;20km;20km;long;Road I · 20 km;time;1339;53:10;3190;1338;-1
m;20km;20km;long;Road I · 20 km;time;1320;53:35;3215;1319;-1
m;20km;20km;long;Road I · 20 km;time;1317;53:39;3219;1316;-1
m;20km;20km;long;Road I · 20 km;time;1275;54:35;3275;1274;-1
m;20km;20km;long;Road I · 20 km;time;1272;54:39;3279;1271;-1
m;20km;20km;long;Road I · 20 km;time;1241;55:21;3321;1240;-1
m;20km;20km;long;Road I · 20 km;time;1230;55:36;3336;1229;-1
m;20km;20km;long;Road I · 20 km;time;1222;55:47;3347;1221;-1
m;20km;20km;long;Road I · 20 km;time;1214;55:58;3358;1213;-1
m;20km;20km;long;Road I · 20 km;time;1206;56:09;3369;1205;-1
m;20km;20km;long;Road I · 20 km;time;1193;56:27;3387;1192;-1
m;20km;20km;long;Road I · 20 km;time;1188;56:34;3394;1187;-1
m;20km;20km;long;Road I · 20 km;time;1163;57:09;3429;1162;-1
m;20km;20km;long;Road I · 20 km;time;1158;57:16;3436;1157;-1
m;20km;20km;long;Road I · 20 km;time;1146;57:33;3453;1145;-1
m;20km;20km;long;Road I · 20 km;time;1134;57:50;3470;1133;-1
m;20km;20km;long;Road I · 20 km;time;1127;58:00;3480;1126;-1
m;20km;20km;long;Road I · 20 km;time;1111;58:23;3503;1110;-1
m;20km;20km;long;Road I · 20 km;time;1102;58:36;3516;1101;-1
m;20km;20km;long;Road I · 20 km;time;1093;58:49;3529;1092;-1
m;20km;20km;long;Road I · 20 km;time;1082;59:05;3545;1081;-1
m;20km;20km;long;Road I · 20 km;time;1080;59:08;3548;1079;-1
m;20km;20km;long;Road I · 20 km;time;1069;59:24;3564;1068;-1
m;20km;20km;long;Road I · 20 km;time;1067;59:27;3567;1066;-1
m;20km;20km;long;Road I · 20 km;time;1065;59:30;3570;1064;-1
m;20km;20km;long;Road I · 20 km;time;1048;59:55;3595;1047;-1
m;20km;20km;long;Road I · 20 km;time;1046;59:58;3598;1045;-1
m;20km;20km;long;Road I · 20 km;time;1044;1:00:00.98;3600.98;1043;-1
m;20km;20km;long;Road I · 20 km;time;1042;1:00:04.00;3604;1041;-1
m;20km;20km;long;Road I · 20 km;time;1006;1:00:58.00;3658;1005;-1
m;20km;20km;long;Road I · 20 km;time;1004;1:01:01.03;3661.03;1003;-1
m;20km;20km;long;Road I · 20 km;time;1002;1:01:03.96;3663.96;1001;-1
m;20km;20km;long;Road I · 20 km;time;1000;1:01:06.99;3666.99;999;-1
m;20km;20km;long;Road I · 20 km;time;998;1:01:10.01;3670.01;997;-1
m;20km;20km;long;Road I · 20 km;time;996;1:01:13.04;3673.04;995;-1
m;20km;20km;long;Road I · 20 km;time;983;1:01:33.00;3693;982;-1
m;20km;20km;long;Road I · 20 km;time;981;1:01:36.02;3696.02;980;-1
m;20km;20km;long;Road I · 20 km;time;970;1:01:53.04;3713.04;969;-1
m;20km;20km;long;Road I · 20 km;time;968;1:01:55.98;3715.98;967;-1
m;20km;20km;long;Road I · 20 km;time;966;1:01:59.00;3719;965;-1
m;20km;20km;long;Road I · 20 km;time;959;1:02:09.97;3729.97;958;-1
m;20km;20km;long;Road I · 20 km;time;957;1:02:13.00;3733;956;-1
m;20km;20km;long;Road I · 20 km;time;948;1:02:27.00;3747;947;-1
m;20km;20km;long;Road I · 20 km;time;941;1:02:37.97;3757.97;940;-1
m;20km;20km;long;Road I · 20 km;time;939;1:02:40.99;3760.99;938;-1
m;20km;20km;long;Road I · 20 km;time;934;1:02:49.03;3769.03;933;-1
m;20km;20km;long;Road I · 20 km;time;927;1:03:00.00;3780;926;-1
m;20km;20km;long;Road I · 20 km;time;925;1:03:03.02;3783.02;924;-1
m;20km;20km;long;Road I · 20 km;time;920;1:03:10.97;3790.97;919;-1
m;20km;20km;long;Road I · 20 km;time;915;1:03:19.01;3799.01;914;-1
m;20km;20km;long;Road I · 20 km;time;913;1:03:22.03;3802.03;912;-1
m;20km;20km;long;Road I · 20 km;time;908;1:03:29.98;3809.98;907;-1
m;20km;20km;long;Road I · 20 km;time;903;1:03:38.02;3818.02;902;-1
m;20km;20km;long;Road I · 20 km;time;898;1:03:45.96;3825.96;897;-1
m;20km;20km;long;Road I · 20 km;time;893;1:03:54.00;3834;892;-1
m;20km;20km;long;Road I · 20 km;time;888;1:04:02.04;3842.04;887;-1
m;20km;20km;long;Road I · 20 km;time;885;1:04:06.96;3846.96;884;-1
m;20km;20km;long;Road I · 20 km;time;880;1:04:15.00;3855;879;-1
m;20km;20km;long;Road I · 20 km;time;875;1:04:23.03;3863.03;874;-1
m;20km;20km;long;Road I · 20 km;time;872;1:04:28.04;3868.04;871;-1
m;20km;20km;long;Road I · 20 km;time;867;1:04:35.99;3875.99;866;-1
m;20km;20km;long;Road I · 20 km;time;864;1:04:41.00;3881;863;-1
m;20km;20km;long;Road I · 20 km;time;861;1:04:46.01;3886.01;860;-1
m;20km;20km;long;Road I · 20 km;time;853;1:04:58.97;3898.97;852;-1
m;20km;20km;long;Road I · 20 km;time;850;1:05:03.98;3903.98;849;-1
m;20km;20km;long;Road I · 20 km;time;842;1:05:17.03;3917.03;841;-1
m;20km;20km;long;Road I · 20 km;time;839;1:05:22.04;3922.04;838;-1
m;20km;20km;long;Road I · 20 km;time;836;1:05:26.97;3926.97;835;-1
m;20km;20km;long;Road I · 20 km;time;833;1:05:31.98;3931.98;832;-1
m;20km;20km;long;Road I · 20 km;time;830;1:05:36.99;3936.99;829;-1
m;20km;20km;long;Road I · 20 km;time;827;1:05:42.00;3942;826;-1
m;20km;20km;long;Road I · 20 km;time;824;1:05:47.01;3947.01;823;-1
m;20km;20km;long;Road I · 20 km;time;821;1:05:52.02;3952.02;820;-1
m;20km;20km;long;Road I · 20 km;time;818;1:05:57.03;3957.03;817;-1
m;20km;20km;long;Road I · 20 km;time;811;1:06:08.96;3968.96;810;-1
m;20km;20km;long;Road I · 20 km;time;808;1:06:13.97;3973.97;807;-1
m;20km;20km;long;Road I · 20 km;time;805;1:06:18.98;3978.98;804;-1
m;20km;20km;long;Road I · 20 km;time;802;1:06:23.99;3983.99;801;-1
m;20km;20km;long;Road I · 20 km;time;798;1:06:30.99;3990.99;797;-1
m;20km;20km;long;Road I · 20 km;time;795;1:06:36.00;3996;794;-1
m;20km;20km;long;Road I · 20 km;time;792;1:06:41.01;4001.01;791;-1
m;20km;20km;long;Road I · 20 km;time;788;1:06:48.01;4008.01;787;-1
m;20km;20km;long;Road I · 20 km;time;785;1:06:53.02;4013.02;784;-1
m;20km;20km;long;Road I · 20 km;time;781;1:07:00.02;4020.02;780;-1
m;20km;20km;long;Road I · 20 km;time;778;1:07:05.03;4025.03;777;-1
m;20km;20km;long;Road I · 20 km;time;774;1:07:12.03;4032.03;773;-1
m;20km;20km;long;Road I · 20 km;time;771;1:07:17.04;4037.04;770;-1
m;20km;20km;long;Road I · 20 km;time;770;1:07:19.03;4039.03;769;-1
m;20km;20km;long;Road I · 20 km;time;767;1:07:24.04;4044.04;766;-1
m;20km;20km;long;Road I · 20 km;time;763;1:07:31.04;4051.04;762;-1
m;20km;20km;long;Road I · 20 km;time;759;1:07:38.04;4058.04;758;-1
m;20km;20km;long;Road I · 20 km;time;755;1:07:45.03;4065.03;754;-1
m;20km;20km;long;Road I · 20 km;time;751;1:07:52.03;4072.03;750;-1
m;20km;20km;long;Road I · 20 km;time;747;1:07:59.03;4079.03;746;-1
m;20km;20km;long;Road I · 20 km;time;743;1:08:06.03;4086.03;742;-1
m;20km;20km;long;Road I · 20 km;time;739;1:08:13.03;4093.03;738;-1
m;20km;20km;long;Road I · 20 km;time;735;1:08:20.03;4100.03;734;-1
m;20km;20km;long;Road I · 20 km;time;734;1:08:22.01;4102.01;733;-1
m;20km;20km;long;Road I · 20 km;time;730;1:08:29.01;4109.01;729;-1
m;20km;20km;long;Road I · 20 km;time;726;1:08:36.01;4116.01;725;-1
m;20km;20km;long;Road I · 20 km;time;725;1:08:38.00;4118;724;-1
m;20km;20km;long;Road I · 20 km;time;721;1:08:45.00;4125;720;-1
m;20km;20km;long;Road I · 20 km;time;716;1:08:53.98;4133.98;715;-1
m;20km;20km;long;Road I · 20 km;time;711;1:09:02.97;4142.97;710;-1
m;20km;20km;long;Road I · 20 km;time;706;1:09:12.04;4152.04;705;-1
m;20km;20km;long;Road I · 20 km;time;701;1:09:21.02;4161.02;700;-1
m;20km;20km;long;Road I · 20 km;time;696;1:09:30.01;4170.01;695;-1
m;20km;20km;long;Road I · 20 km;time;695;1:09:32.00;4172;694;-1
m;20km;20km;long;Road I · 20 km;time;690;1:09:40.98;4180.98;689;-1
m;20km;20km;long;Road I · 20 km;time;689;1:09:42.97;4182.97;688;-1
m;20km;20km;long;Road I · 20 km;time;684;1:09:52.04;4192.04;683;-1
m;20km;20km;long;Road I · 20 km;time;683;1:09:54.03;4194.03;682;-1
m;20km;20km;long;Road I · 20 km;time;678;1:10:03.01;4203.01;677;-1
m;20km;20km;long;Road I · 20 km;time;677;1:10:05.00;4205;676;-1
m;20km;20km;long;Road I · 20 km;time;671;1:10:15.97;4215.97;670;-1
m;20km;20km;long;Road I · 20 km;time;670;1:10:17.96;4217.96;669;-1
m;20km;20km;long;Road I · 20 km;time;665;1:10:27.03;4227.03;664;-1
m;20km;20km;long;Road I · 20 km;time;664;1:10:29.02;4229.02;663;-1
m;20km;20km;long;Road I · 20 km;time;663;1:10:31.01;4231.01;662;-1
m;20km;20km;long;Road I · 20 km;time;657;1:10:41.98;4241.98;656;-1
m;20km;20km;long;Road I · 20 km;time;656;1:10:43.97;4243.97;655;-1
m;20km;20km;long;Road I · 20 km;time;649;1:10:57.01;4257.01;648;-1
m;20km;20km;long;Road I · 20 km;time;648;1:10:59.00;4259;647;-1
m;20km;20km;long;Road I · 20 km;time;647;1:11:00.99;4260.99;646;-1
m;20km;20km;long;Road I · 20 km;time;640;1:11:14.04;4274.04;639;-1
m;20km;20km;long;Road I · 20 km;time;639;1:11:16.02;4276.02;638;-1
m;20km;20km;long;Road I · 20 km;time;638;1:11:18.01;4278.01;637;-1
m;20km;20km;long;Road I · 20 km;time;629;1:11:35.03;4295.03;628;-1
m;20km;20km;long;Road I · 20 km;time;628;1:11:37.02;4297.02;627;-1
m;20km;20km;long;Road I · 20 km;time;627;1:11:39.00;4299;626;-1
m;20km;20km;long;Road I · 20 km;time;626;1:11:40.99;4300.99;625;-1
m;20km;20km;long;Road I · 20 km;time;617;1:11:58.01;4318.01;616;-1
m;20km;20km;long;Road I · 20 km;time;616;1:12:00.00;4320;615;-1
m;20km;20km;long;Road I · 20 km;time;615;1:12:01.99;4321.99;614;-1
m;20km;20km;long;Road I · 20 km;time;614;1:12:03.97;4323.97;613;-1
m;20km;20km;long;Road I · 20 km;time;613;1:12:05.96;4325.96;612;-1
m;20km;20km;long;Road I · 20 km;time;612;1:12:08.04;4328.04;611;-1
m;20km;20km;long;Road I · 20 km;time;598;1:12:34.99;4354.99;597;-1
m;20km;20km;long;Road I · 20 km;time;597;1:12:36.98;4356.98;596;-1
m;20km;20km;long;Road I · 20 km;time;596;1:12:38.97;4358.97;595;-1
m;20km;20km;long;Road I · 20 km;time;595;1:12:41.04;4361.04;594;-1
m;20km;20km;long;Road I · 20 km;time;594;1:12:43.03;4363.03;593;-1
m;20km;20km;long;Road I · 20 km;time;593;1:12:45.01;4365.01;592;-1
m;20km;20km;long;Road I · 20 km;time;592;1:12:47.00;4367;591;-1
m;20km;20km;long;Road I · 20 km;time;591;1:12:48.99;4368.99;590;-1
m;20km;20km;long;Road I · 20 km;time;590;1:12:50.98;4370.98;589;-1
m;20km;20km;long;Road I · 20 km;time;589;1:12:52.96;4372.96;588;-1
m;20km;20km;long;Road I · 20 km;time;588;1:12:55.04;4375.04;587;-1
m;20km;20km;long;Road I · 20 km;time;587;1:12:57.02;4377.02;586;-1
m;20km;20km;long;Road I · 20 km;time;586;1:12:59.01;4379.01;585;-1
m;20km;20km;long;Road I · 20 km;time;566;1:13:39.01;4419.01;565;-1
m;20km;20km;long;Road I · 20 km;time;565;1:13:41.00;4421;564;-1
m;20km;20km;long;Road I · 20 km;time;564;1:13:42.99;4422.99;563;-1
m;20km;20km;long;Road I · 20 km;time;563;1:13:44.98;4424.98;562;-1
m;20km;20km;long;Road I · 20 km;time;562;1:13:46.96;4426.96;561;-1
m;20km;20km;long;Road I · 20 km;time;561;1:13:49.04;4429.04;560;-1
m;20km;20km;long;Road I · 20 km;time;560;1:13:51.02;4431.02;559;-1
m;20km;20km;long;Road I · 20 km;time;559;1:13:53.01;4433.01;558;-1
m;20km;20km;long;Road I · 20 km;time;558;1:13:55.00;4435;557;-1
m;20km;20km;long;Road I · 20 km;time;557;1:13:56.99;4436.99;556;-1
m;20km;20km;long;Road I · 20 km;time;556;1:13:58.97;4438.97;555;-1
m;20km;20km;long;Road I · 20 km;time;555;1:14:00.96;4440.96;554;-1
m;20km;20km;long;Road I · 20 km;time;554;1:14:03.03;4443.03;553;-1
m;20km;20km;long;Road I · 20 km;time;541;1:14:29.99;4469.99;540;-1
m;20km;20km;long;Road I · 20 km;time;540;1:14:31.98;4471.98;539;-1
m;20km;20km;long;Road I · 20 km;time;539;1:14:33.96;4473.96;538;-1
m;20km;20km;long;Road I · 20 km;time;538;1:14:36.04;4476.04;537;-1
m;20km;20km;long;Road I · 20 km;time;537;1:14:38.03;4478.03;536;-1
m;20km;20km;long;Road I · 20 km;time;536;1:14:40.01;4480.01;535;-1
m;20km;20km;long;Road I · 20 km;time;528;1:14:57.03;4497.03;527;-1
m;20km;20km;long;Road I · 20 km;time;527;1:14:59.02;4499.02;526;-1
m;20km;20km;long;Road I · 20 km;time;526;1:15:01.01;4501.01;525;-1
m;20km;20km;long;Road I · 20 km;time;525;1:15:03.00;4503;524;-1
m;20km;20km;long;Road I · 20 km;time;518;1:15:18.03;4518.03;517;-1
m;20km;20km;long;Road I · 20 km;time;517;1:15:20.02;4520.02;516;-1
m;20km;20km;long;Road I · 20 km;time;516;1:15:22.00;4522;515;-1
m;20km;20km;long;Road I · 20 km;time;515;1:15:23.99;4523.99;514;-1
m;20km;20km;long;Road I · 20 km;time;509;1:15:37.04;4537.04;508;-1
m;20km;20km;long;Road I · 20 km;time;508;1:15:39.02;4539.02;507;-1
m;20km;20km;long;Road I · 20 km;time;507;1:15:41.01;4541.01;506;-1
m;20km;20km;long;Road I · 20 km;time;502;1:15:51.98;4551.98;501;-1
m;20km;20km;long;Road I · 20 km;time;501;1:15:53.97;4553.97;500;-1
m;20km;20km;long;Road I · 20 km;time;500;1:15:55.96;4555.96;499;-1
m;20km;20km;long;Road I · 20 km;time;495;1:16:07.02;4567.02;494;-1
m;20km;20km;long;Road I · 20 km;time;494;1:16:09.00;4569;493;-1
m;20km;20km;long;Road I · 20 km;time;493;1:16:10.99;4570.99;492;-1
m;20km;20km;long;Road I · 20 km;time;489;1:16:19.98;4579.98;488;-1
m;20km;20km;long;Road I · 20 km;time;488;1:16:21.96;4581.96;487;-1
m;20km;20km;long;Road I · 20 km;time;487;1:16:24.04;4584.04;486;-1
m;20km;20km;long;Road I · 20 km;time;483;1:16:33.02;4593.02;482;-1
m;20km;20km;long;Road I · 20 km;time;482;1:16:35.01;4595.01;481;-1
m;20km;20km;long;Road I · 20 km;time;478;1:16:44.00;4604;477;-1
m;20km;20km;long;Road I · 20 km;time;477;1:16:45.98;4605.98;476;-1
m;20km;20km;long;Road I · 20 km;time;473;1:16:54.97;4614.97;472;-1
m;20km;20km;long;Road I · 20 km;time;472;1:16:56.96;4616.96;471;-1
m;20km;20km;long;Road I · 20 km;time;468;1:17:06.03;4626.03;467;-1
m;20km;20km;long;Road I · 20 km;time;467;1:17:08.02;4628.02;466;-1
m;20km;20km;long;Road I · 20 km;time;464;1:17:15.01;4635.01;463;-1
m;20km;20km;long;Road I · 20 km;time;463;1:17:17.00;4637;462;-1
m;20km;20km;long;Road I · 20 km;time;459;1:17:25.99;4645.99;458;-1
m;20km;20km;long;Road I · 20 km;time;455;1:17:34.97;4654.97;454;-1
m;20km;20km;long;Road I · 20 km;time;451;1:17:43.96;4663.96;450;-1
m;20km;20km;long;Road I · 20 km;time;447;1:17:53.03;4673.03;446;-1
m;20km;20km;long;Road I · 20 km;time;444;1:18:00.03;4680.03;443;-1
m;20km;20km;long;Road I · 20 km;time;443;1:18:02.02;4682.02;442;-1
m;20km;20km;long;Road I · 20 km;time;440;1:18:09.01;4689.01;439;-1
m;20km;20km;long;Road I · 20 km;time;437;1:18:16.01;4696.01;436;-1
m;20km;20km;long;Road I · 20 km;time;436;1:18:18.00;4698;435;-1
m;20km;20km;long;Road I · 20 km;time;434;1:18:23.01;4703.01;433;-1
m;20km;20km;long;Road I · 20 km;time;433;1:18:25.00;4705;432;-1
m;20km;20km;long;Road I · 20 km;time;430;1:18:32.00;4712;429;-1
m;20km;20km;long;Road I · 20 km;time;427;1:18:39.00;4719;426;-1
m;20km;20km;long;Road I · 20 km;time;424;1:18:45.99;4725.99;423;-1
m;20km;20km;long;Road I · 20 km;time;421;1:18:52.99;4732.99;420;-1
m;20km;20km;long;Road I · 20 km;time;418;1:18:59.99;4739.99;417;-1
m;20km;20km;long;Road I · 20 km;time;415;1:19:06.99;4746.99;414;-1
m;20km;20km;long;Road I · 20 km;time;412;1:19:13.99;4753.99;411;-1
m;20km;20km;long;Road I · 20 km;time;410;1:19:19.00;4759;409;-1
m;20km;20km;long;Road I · 20 km;time;407;1:19:26.00;4766;406;-1
m;20km;20km;long;Road I · 20 km;time;404;1:19:33.00;4773;403;-1
m;20km;20km;long;Road I · 20 km;time;402;1:19:38.01;4778.01;401;-1
m;20km;20km;long;Road I · 20 km;time;399;1:19:45.00;4785;398;-1
m;20km;20km;long;Road I · 20 km;time;397;1:19:50.02;4790.02;396;-1
m;20km;20km;long;Road I · 20 km;time;394;1:19:57.01;4797.01;393;-1
m;20km;20km;long;Road I · 20 km;time;392;1:20:02.03;4802.03;391;-1
m;20km;20km;long;Road I · 20 km;time;390;1:20:07.04;4807.04;389;-1
m;20km;20km;long;Road I · 20 km;time;387;1:20:14.04;4814.04;386;-1
m;20km;20km;long;Road I · 20 km;time;385;1:20:18.96;4818.96;384;-1
m;20km;20km;long;Road I · 20 km;time;383;1:20:23.97;4823.97;382;-1
m;20km;20km;long;Road I · 20 km;time;381;1:20:28.98;4828.98;380;-1
m;20km;20km;long;Road I · 20 km;time;379;1:20:33.99;4833.99;378;-1
m;20km;20km;long;Road I · 20 km;time;376;1:20:40.99;4840.99;375;-1
m;20km;20km;long;Road I · 20 km;time;374;1:20:46.00;4846;373;-1
m;20km;20km;long;Road I · 20 km;time;372;1:20:51.01;4851.01;371;-1
m;20km;20km;long;Road I · 20 km;time;370;1:20:56.03;4856.03;369;-1
m;20km;20km;long;Road I · 20 km;time;368;1:21:01.04;4861.04;367;-1
m;20km;20km;long;Road I · 20 km;time;366;1:21:05.96;4865.96;365;-1
m;20km;20km;long;Road I · 20 km;time;364;1:21:10.97;4870.97;363;-1
m;20km;20km;long;Road I · 20 km;time;362;1:21:15.98;4875.98;361;-1
m;20km;20km;long;Road I · 20 km;time;360;1:21:21.00;4881;359;-1
m;20km;20km;long;Road I · 20 km;time;359;1:21:24.02;4884.02;358;-1
m;20km;20km;long;Road I · 20 km;time;357;1:21:29.03;4889.03;356;-1
m;20km;20km;long;Road I · 20 km;time;355;1:21:34.04;4894.04;354;-1
m;20km;20km;long;Road I · 20 km;time;353;1:21:38.97;4898.97;352;-1
m;20km;20km;long;Road I · 20 km;time;351;1:21:43.98;4903.98;350;-1
m;20km;20km;long;Road I · 20 km;time;348;1:21:52.01;4912.01;347;-1
m;20km;20km;long;Road I · 20 km;time;346;1:21:57.02;4917.02;345;-1
m;20km;20km;long;Road I · 20 km;time;344;1:22:02.04;4922.04;343;-1
m;20km;20km;long;Road I · 20 km;time;341;1:22:09.98;4929.98;340;-1
m;20km;20km;long;Road I · 20 km;time;339;1:22:15.00;4935;338;-1
m;20km;20km;long;Road I · 20 km;time;338;1:22:18.02;4938.02;337;-1
m;20km;20km;long;Road I · 20 km;time;336;1:22:23.03;4943.03;335;-1
m;20km;20km;long;Road I · 20 km;time;334;1:22:28.04;4948.04;333;-1
m;20km;20km;long;Road I · 20 km;time;333;1:22:30.98;4950.98;332;-1
m;20km;20km;long;Road I · 20 km;time;331;1:22:35.99;4955.99;330;-1
m;20km;20km;long;Road I · 20 km;time;330;1:22:39.01;4959.01;329;-1
m;20km;20km;long;Road I · 20 km;time;328;1:22:44.03;4964.03;327;-1
m;20km;20km;long;Road I · 20 km;time;325;1:22:51.97;4971.97;324;-1
m;20km;20km;long;Road I · 20 km;time;322;1:23:00.01;4980.01;321;-1
m;20km;20km;long;Road I · 20 km;time;319;1:23:07.96;4987.96;318;-1
m;20km;20km;long;Road I · 20 km;time;318;1:23:10.98;4990.98;317;-1
m;20km;20km;long;Road I · 20 km;time;316;1:23:15.99;4995.99;315;-1
m;20km;20km;long;Road I · 20 km;time;315;1:23:19.02;4999.02;314;-1
m;20km;20km;long;Road I · 20 km;time;313;1:23:24.03;5004.03;312;-1
m;20km;20km;long;Road I · 20 km;time;312;1:23:26.97;5006.97;311;-1
m;20km;20km;long;Road I · 20 km;time;309;1:23:35.00;5015;308;-1
m;20km;20km;long;Road I · 20 km;time;308;1:23:38.03;5018.03;307;-1
m;20km;20km;long;Road I · 20 km;time;305;1:23:45.97;5025.97;304;-1
m;20km;20km;long;Road I · 20 km;time;304;1:23:49.00;5029;303;-1
m;20km;20km;long;Road I · 20 km;time;301;1:23:57.03;5037.03;300;-1
m;20km;20km;long;Road I · 20 km;time;300;1:23:59.97;5039.97;299;-1
m;20km;20km;long;Road I · 20 km;time;297;1:24:08.01;5048.01;296;-1
m;20km;20km;long;Road I · 20 km;time;296;1:24:11.03;5051.03;295;-1
m;20km;20km;long;Road I · 20 km;time;295;1:24:13.97;5053.97;294;-1
m;20km;20km;long;Road I · 20 km;time;292;1:24:22.00;5062;291;-1
m;20km;20km;long;Road I · 20 km;time;291;1:24:25.03;5065.03;290;-1
m;20km;20km;long;Road I · 20 km;time;290;1:24:27.96;5067.96;289;-1
m;20km;20km;long;Road I · 20 km;time;286;1:24:39.02;5079.02;285;-1
m;20km;20km;long;Road I · 20 km;time;285;1:24:41.96;5081.96;284;-1
m;20km;20km;long;Road I · 20 km;time;284;1:24:44.99;5084.99;283;-1
m;20km;20km;long;Road I · 20 km;time;279;1:24:58.98;5098.98;278;-1
m;20km;20km;long;Road I · 20 km;time;278;1:25:02.01;5102.01;277;-1
m;20km;20km;long;Road I · 20 km;time;277;1:25:05.03;5105.03;276;-1
m;20km;20km;long;Road I · 20 km;time;276;1:25:07.97;5107.97;275;-1
m;20km;20km;long;Road I · 20 km;time;270;1:25:24.99;5124.99;269;-1
m;20km;20km;long;Road I · 20 km;time;269;1:25:28.01;5128.01;268;-1
m;20km;20km;long;Road I · 20 km;time;268;1:25:31.04;5131.04;267;-1
m;20km;20km;long;Road I · 20 km;time;267;1:25:33.97;5133.97;266;-1
m;20km;20km;long;Road I · 20 km;time;266;1:25:37.00;5137;265;-1
m;20km;20km;long;Road I · 20 km;time;265;1:25:40.02;5140.02;264;-1
m;20km;20km;long;Road I · 20 km;time;264;1:25:42.96;5142.96;263;-1
m;20km;20km;long;Road I · 20 km;time;263;1:25:45.98;5145.98;262;-1
m;20km;20km;long;Road I · 20 km;time;262;1:25:49.01;5149.01;261;-1
m;20km;20km;long;Road I · 20 km;time;261;1:25:52.03;5152.03;260;-1
m;20km;20km;long;Road I · 20 km;time;251;1:26:22.01;5182.01;250;-1
m;20km;20km;long;Road I · 20 km;time;250;1:26:25.04;5185.04;249;-1
m;20km;20km;long;Road I · 20 km;time;249;1:26:27.97;5187.97;248;-1
m;20km;20km;long;Road I · 20 km;time;248;1:26:31.00;5191;247;-1
m;20km;20km;long;Road I · 20 km;time;247;1:26:34.02;5194.02;246;-1
m;20km;20km;long;Road I · 20 km;time;246;1:26:36.96;5196.96;245;-1
m;20km;20km;long;Road I · 20 km;time;245;1:26:39.98;5199.98;244;-1
m;20km;20km;long;Road I · 20 km;time;244;1:26:43.01;5203.01;243;-1
m;20km;20km;long;Road I · 20 km;time;243;1:26:46.03;5206.03;242;-1
m;20km;20km;long;Road I · 20 km;time;242;1:26:48.97;5208.97;241;-1
m;20km;20km;long;Road I · 20 km;time;237;1:27:05.04;5225.04;236;-1
m;20km;20km;long;Road I · 20 km;time;236;1:27:07.98;5227.98;235;-1
m;20km;20km;long;Road I · 20 km;time;235;1:27:11.00;5231;234;-1
m;20km;20km;long;Road I · 20 km;time;234;1:27:14.03;5234.03;233;-1
m;20km;20km;long;Road I · 20 km;time;230;1:27:26.99;5246.99;229;-1
m;20km;20km;long;Road I · 20 km;time;229;1:27:30.01;5250.01;228;-1
m;20km;20km;long;Road I · 20 km;time;228;1:27:33.03;5253.03;227;-1
m;20km;20km;long;Road I · 20 km;time;227;1:27:35.97;5255.97;226;-1
m;20km;20km;long;Road I · 20 km;time;224;1:27:45.99;5265.99;223;-1
m;20km;20km;long;Road I · 20 km;time;223;1:27:49.02;5269.02;222;-1
m;20km;20km;long;Road I · 20 km;time;222;1:27:52.04;5272.04;221;-1
m;20km;20km;long;Road I · 20 km;time;220;1:27:59.04;5279.04;219;-1
m;20km;20km;long;Road I · 20 km;time;219;1:28:01.98;5281.98;218;-1
m;20km;20km;long;Road I · 20 km;time;218;1:28:05.00;5285;217;-1
m;20km;20km;long;Road I · 20 km;time;216;1:28:12.00;5292;215;-1
m;20km;20km;long;Road I · 20 km;time;215;1:28:15.02;5295.02;214;-1
m;20km;20km;long;Road I · 20 km;time;212;1:28:24.96;5304.96;211;-1
m;20km;20km;long;Road I · 20 km;time;211;1:28:27.98;5307.98;210;-1
m;20km;20km;long;Road I · 20 km;time;209;1:28:34.98;5314.98;208;-1
m;20km;20km;long;Road I · 20 km;time;208;1:28:38.01;5318.01;207;-1
m;20km;20km;long;Road I · 20 km;time;206;1:28:45.00;5325;205;-1
m;20km;20km;long;Road I · 20 km;time;205;1:28:48.03;5328.03;204;-1
m;20km;20km;long;Road I · 20 km;time;203;1:28:55.03;5335.03;202;-1
m;20km;20km;long;Road I · 20 km;time;202;1:28:57.96;5337.96;201;-1
m;20km;20km;long;Road I · 20 km;time;200;1:29:04.96;5344.96;199;-1
m;20km;20km;long;Road I · 20 km;time;198;1:29:11.96;5351.96;197;-1
m;20km;20km;long;Road I · 20 km;time;197;1:29:14.99;5354.99;196;-1
m;20km;20km;long;Road I · 20 km;time;195;1:29:21.98;5361.98;194;-1
m;20km;20km;long;Road I · 20 km;time;193;1:29:28.98;5368.98;192;-1
m;20km;20km;long;Road I · 20 km;time;191;1:29:35.98;5375.98;190;-1
m;20km;20km;long;Road I · 20 km;time;189;1:29:42.98;5382.98;188;-1
m;20km;20km;long;Road I · 20 km;time;187;1:29:49.98;5389.98;186;-1
m;20km;20km;long;Road I · 20 km;time;185;1:29:56.98;5396.98;184;-1
m;20km;20km;long;Road I · 20 km;time;183;1:30:03.97;5403.97;182;-1
m;20km;20km;long;Road I · 20 km;time;181;1:30:10.97;5410.97;180;-1
m;20km;20km;long;Road I · 20 km;time;179;1:30:17.97;5417.97;178;-1
m;20km;20km;long;Road I · 20 km;time;178;1:30:22.03;5422.03;177;-1
m;20km;20km;long;Road I · 20 km;time;176;1:30:29.03;5429.03;175;-1
m;20km;20km;long;Road I · 20 km;time;174;1:30:36.03;5436.03;173;-1
m;20km;20km;long;Road I · 20 km;time;173;1:30:40.00;5440;172;-1
m;20km;20km;long;Road I · 20 km;time;171;1:30:47.00;5447;170;-1
m;20km;20km;long;Road I · 20 km;time;170;1:30:50.98;5450.98;169;-1
m;20km;20km;long;Road I · 20 km;time;167;1:31:02.04;5462.04;166;-1
m;20km;20km;long;Road I · 20 km;time;166;1:31:06.01;5466.01;165;-1
m;20km;20km;long;Road I · 20 km;time;164;1:31:13.01;5473.01;163;-1
m;20km;20km;long;Road I · 20 km;time;163;1:31:16.98;5476.98;162;-1
m;20km;20km;long;Road I · 20 km;time;162;1:31:20.96;5480.96;161;-1
m;20km;20km;long;Road I · 20 km;time;160;1:31:28.04;5488.04;159;-1
m;20km;20km;long;Road I · 20 km;time;159;1:31:32.02;5492.02;158;-1
m;20km;20km;long;Road I · 20 km;time;158;1:31:35.99;5495.99;157;-1
m;20km;20km;long;Road I · 20 km;time;157;1:31:39.96;5499.96;156;-1
m;20km;20km;long;Road I · 20 km;time;154;1:31:51.02;5511.02;153;-1
m;20km;20km;long;Road I · 20 km;time;153;1:31:55.00;5515;152;-1
m;20km;20km;long;Road I · 20 km;time;152;1:31:58.97;5518.97;151;-1
m;20km;20km;long;Road I · 20 km;time;151;1:32:03.03;5523.03;150;-1
m;20km;20km;long;Road I · 20 km;time;150;1:32:07.01;5527.01;149;-1
m;20km;20km;long;Road I · 20 km;time;149;1:32:10.98;5530.98;148;-1
m;20km;20km;long;Road I · 20 km;time;148;1:32:14.96;5534.96;147;-1
m;20km;20km;long;Road I · 20 km;time;147;1:32:19.02;5539.02;146;-1
m;20km;20km;long;Road I · 20 km;time;141;1:32:43.04;5563.04;140;-1
m;20km;20km;long;Road I · 20 km;time;140;1:32:47.01;5567.01;139;-1
m;20km;20km;long;Road I · 20 km;time;139;1:32:50.99;5570.99;138;-1
m;20km;20km;long;Road I · 20 km;time;138;1:32:54.96;5574.96;137;-1
m;20km;20km;long;Road I · 20 km;time;137;1:32:59.02;5579.02;136;-1
m;20km;20km;long;Road I · 20 km;time;136;1:33:03.00;5583;135;-1
m;20km;20km;long;Road I · 20 km;time;135;1:33:06.97;5586.97;134;-1
m;20km;20km;long;Road I · 20 km;time;134;1:33:11.03;5591.03;133;-1
m;20km;20km;long;Road I · 20 km;time;132;1:33:20.02;5600.02;131;-1
m;20km;20km;long;Road I · 20 km;time;131;1:33:23.99;5603.99;130;-1
m;20km;20km;long;Road I · 20 km;time;130;1:33:27.96;5607.96;129;-1
m;20km;20km;long;Road I · 20 km;time;129;1:33:32.03;5612.03;128;-1
m;20km;20km;long;Road I · 20 km;time;127;1:33:41.01;5621.01;126;-1
m;20km;20km;long;Road I · 20 km;time;126;1:33:44.99;5624.99;125;-1
m;20km;20km;long;Road I · 20 km;time;125;1:33:48.96;5628.96;124;-1
m;20km;20km;long;Road I · 20 km;time;123;1:33:58.03;5638.03;122;-1
m;20km;20km;long;Road I · 20 km;time;122;1:34:02.01;5642.01;121;-1
m;20km;20km;long;Road I · 20 km;time;120;1:34:10.99;5650.99;119;-1
m;20km;20km;long;Road I · 20 km;time;118;1:34:19.98;5659.98;117;-1
m;20km;20km;long;Road I · 20 km;time;117;1:34:24.04;5664.04;116;-1
m;20km;20km;long;Road I · 20 km;time;116;1:34:28.96;5668.96;115;-1
m;20km;20km;long;Road I · 20 km;time;115;1:34:33.02;5673.02;114;-1
m;20km;20km;long;Road I · 20 km;time;113;1:34:42.01;5682.01;112;-1
m;20km;20km;long;Road I · 20 km;time;111;1:34:51.00;5691;110;-1
m;20km;20km;long;Road I · 20 km;time;110;1:34:56.01;5696.01;109;-1
m;20km;20km;long;Road I · 20 km;time;109;1:34:59.98;5699.98;108;-1
m;20km;20km;long;Road I · 20 km;time;108;1:35:04.99;5704.99;107;-1
m;20km;20km;long;Road I · 20 km;time;106;1:35:13.98;5713.98;105;-1
m;20km;20km;long;Road I · 20 km;time;105;1:35:18.99;5718.99;104;-1
m;20km;20km;long;Road I · 20 km;time;103;1:35:27.97;5727.97;102;-1
m;20km;20km;long;Road I · 20 km;time;102;1:35:32.99;5732.99;101;-1
m;20km;20km;long;Road I · 20 km;time;101;1:35:38.00;5738;100;-1
m;20km;20km;long;Road I · 20 km;time;98;1:35:51.99;5751.99;97;-1
m;20km;20km;long;Road I · 20 km;time;97;1:35:57.00;5757;96;-1
m;20km;20km;long;Road I · 20 km;time;96;1:36:02.02;5762.02;95;-1
m;20km;20km;long;Road I · 20 km;time;95;1:36:07.03;5767.03;94;-1
m;20km;20km;long;Road I · 20 km;time;94;1:36:12.04;5772.04;93;-1
m;20km;20km;long;Road I · 20 km;time;93;1:36:16.96;5776.96;92;-1
m;20km;20km;long;Road I · 20 km;time;92;1:36:21.97;5781.97;91;-1
m;20km;20km;long;Road I · 20 km;time;91;1:36:26.99;5786.99;90;-1
m;20km;20km;long;Road I · 20 km;time;90;1:36:32.00;5792;89;-1
m;20km;20km;long;Road I · 20 km;time;89;1:36:37.01;5797.01;88;-1
m;20km;20km;long;Road I · 20 km;time;88;1:36:42.02;5802.02;87;-1
m;20km;20km;long;Road I · 20 km;time;87;1:36:47.03;5807.03;86;-1
m;20km;20km;long;Road I · 20 km;time;86;1:36:52.04;5812.04;85;-1
m;20km;20km;long;Road I · 20 km;time;84;1:37:03.01;5823.01;83;-1
m;20km;20km;long;Road I · 20 km;time;83;1:37:08.03;5828.03;82;-1
m;20km;20km;long;Road I · 20 km;time;82;1:37:13.04;5833.04;81;-1
m;20km;20km;long;Road I · 20 km;time;80;1:37:24.01;5844.01;79;-1
m;20km;20km;long;Road I · 20 km;time;79;1:37:29.02;5849.02;78;-1
m;20km;20km;long;Road I · 20 km;time;78;1:37:34.98;5854.98;77;-1
m;20km;20km;long;Road I · 20 km;time;77;1:37:39.99;5859.99;76;-1
m;20km;20km;long;Road I · 20 km;time;76;1:37:46.04;5866.04;75;-1
m;20km;20km;long;Road I · 20 km;time;75;1:37:50.97;5870.97;74;-1
m;20km;20km;long;Road I · 20 km;time;74;1:37:57.01;5877.01;73;-1
m;20km;20km;long;Road I · 20 km;time;73;1:38:02.03;5882.03;72;-1
m;20km;20km;long;Road I · 20 km;time;72;1:38:07.99;5887.99;71;-1
m;20km;20km;long;Road I · 20 km;time;71;1:38:14.04;5894.04;70;-1
m;20km;20km;long;Road I · 20 km;time;69;1:38:25.01;5905.01;68;-1
m;20km;20km;long;Road I · 20 km;time;68;1:38:30.97;5910.97;67;-1
m;20km;20km;long;Road I · 20 km;time;67;1:38:37.02;5917.02;66;-1
m;20km;20km;long;Road I · 20 km;time;66;1:38:42.98;5922.98;65;-1
m;20km;20km;long;Road I · 20 km;time;62;1:39:07.00;5947;61;-1
m;20km;20km;long;Road I · 20 km;time;61;1:39:12.96;5952.96;60;-1
m;20km;20km;long;Road I · 20 km;time;60;1:39:19.01;5959.01;59;-1
m;20km;20km;long;Road I · 20 km;time;59;1:39:24.97;5964.97;58;-1
m;20km;20km;long;Road I · 20 km;time;57;1:39:38.02;5978.02;56;-1
m;20km;20km;long;Road I · 20 km;time;56;1:39:43.98;5983.98;55;-1
m;20km;20km;long;Road I · 20 km;time;55;1:39:50.98;5990.98;54;-1
m;20km;20km;long;Road I · 20 km;time;54;1:39:57.02;5997.02;53;-1
m;20km;20km;long;Road I · 20 km;time;53;1:40:04.02;6004.02;52;-1
m;20km;20km;long;Road I · 20 km;time;52;1:40:09.98;6009.98;51;-1
m;20km;20km;long;Road I · 20 km;time;51;1:40:16.98;6016.98;50;-1
m;20km;20km;long;Road I · 20 km;time;50;1:40:23.98;6023.98;49;-1
m;20km;20km;long;Road I · 20 km;time;47;1:40:44.03;6044.03;46;-1
m;20km;20km;long;Road I · 20 km;time;44;1:41:05.97;6065.97;43;-1
m;20km;20km;long;Road I · 20 km;time;43;1:41:12.97;6072.97;42;-1
m;20km;20km;long;Road I · 20 km;time;41;1:41:28.00;6088;40;-1
m;20km;20km;long;Road I · 20 km;time;40;1:41:35.00;6095;39;-1
m;20km;20km;long;Road I · 20 km;time;39;1:41:43.04;6103.04;38;-1
m;20km;20km;long;Road I · 20 km;time;38;1:41:50.99;6110.99;37;-1
m;20km;20km;long;Road I · 20 km;time;37;1:41:59.02;6119.02;36;-1
m;20km;20km;long;Road I · 20 km;time;35;1:42:15.00;6135;34;-1
m;20km;20km;long;Road I · 20 km;time;34;1:42:23.04;6143.04;33;-1
m;20km;20km;long;Road I · 20 km;time;33;1:42:30.99;6150.99;32;-1
m;20km;20km;long;Road I · 20 km;time;31;1:42:48.01;6168.01;30;-1
m;20km;20km;long;Road I · 20 km;time;30;1:42:57.00;6177;29;-1
m;20km;20km;long;Road I · 20 km;time;29;1:43:05.98;6185.98;28;-1
m;20km;20km;long;Road I · 20 km;time;27;1:43:24.04;6204.04;26;-1
m;20km;20km;long;Road I · 20 km;time;26;1:43:33.02;6213.02;25;-1
m;20km;20km;long;Road I · 20 km;time;24;1:43:52.03;6232.03;23;-1
m;20km;20km;long;Road I · 20 km;time;23;1:44:01.97;6241.97;22;-1
m;20km;20km;long;Road I · 20 km;time;22;1:44:11.99;6251.99;21;-1
m;20km;20km;long;Road I · 20 km;time;21;1:44:22.96;6262.96;20;-1
m;20km;20km;long;Road I · 20 km;time;20;1:44:32.99;6272.99;19;-1
m;20km;20km;long;Road I · 20 km;time;19;1:44:43.96;6283.96;18;-1
m;20km;20km;long;Road I · 20 km;time;18;1:44:55.02;6295.02;17;-1
m;20km;20km;long;Road I · 20 km;time;17;1:45:07.03;6307.03;16;-1
m;20km;20km;long;Road I · 20 km;time;15;1:45:30.96;6330.96;14;-1
m;20km;20km;long;Road I · 20 km;time;14;1:45:42.97;6342.97;13;-1
m;20km;20km;long;Road I · 20 km;time;13;1:45:56.02;6356.02;12;-1
m;20km;20km;long;Road I · 20 km;time;12;1:46:10.01;6370.01;11;-1
m;20km;20km;long;Road I · 20 km;time;11;1:46:24.01;6384.01;10;-1
m;20km;20km;long;Road I · 20 km;time;10;1:46:38.96;6398.96;9;-1
m;20km;20km;long;Road I · 20 km;time;8;1:47:11.01;6431.01;7;-1
m;20km;20km;long;Road I · 20 km;time;6;1:47:47.04;6467.04;5;-1
m;20km;20km;long;Road I · 20 km;time;5;1:48:08.04;6488.04;4;-1
m;20km;20km;long;Road I · 20 km;time;3;1:48:55.99;6535.99;2;-1
m;20km;20km;long;Road I · 20 km;time;2;1:49:27.00;6567;1;-1
m;half_marathon;half_marathon;long;Road II · HM;time;870;1:08:29.01;4109.01;869;-1
m;half_marathon;half_marathon;long;Road II · HM;time;823;1:09:52.04;4192.04;822;-1
m;half_marathon;half_marathon;long;Road II · HM;time;724;1:12:55.04;4375.04;723;-1
m;half_marathon;half_marathon;long;Road II · HM;time;712;1:13:18.02;4398.02;711;-1
m;half_marathon;half_marathon;long;Road II · HM;time;610;1:16:42.01;4602.01;609;-1
m;half_marathon;half_marathon;long;Road II · HM;time;237;1:32:38.03;5558.03;236;-1
m;half_marathon;half_marathon;long;Road II · HM;time;178;1:36:09.01;5769.01;177;-1
m;half_marathon;half_marathon;long;Road II · HM;time;106;1:41:22.04;6082.04;105;-1
m;half_marathon;half_marathon;long;Road II · HM;time;42;1:47:54.04;6474.04;41;-1
m;half_marathon;half_marathon;long;Road II · HM;time;18;1:51:44.04;6704.04;17;-1
m;half_marathon;half_marathon;long;Road II · HM;time;12;1:53:04.04;6784.04;11;-1
m;half_marathon;half_marathon;long;Road II · HM;time;3;1:56:02.03;6962.03;2;-1
m;25km;25km;long;Road II · 25 km;time;1360;1:07:03.04;4023.04;1359;-1
m;25km;25km;long;Road II · 25 km;time;1300;1:08:46.03;4126.03;1299;-1
m;25km;25km;long;Road II · 25 km;time;1189;1:12:03.02;4323.02;1188;-1
m;25km;25km;long;Road II · 25 km;time;1119;1:14:12.02;4452.02;1118;-1
m;25km;25km;long;Road II · 25 km;time;1073;1:15:39.02;4539.02;1072;-1
m;25km;25km;long;Road II · 25 km;time;957;1:19:27.03;4767.03;956;-1
m;25km;25km;long;Road II · 25 km;time;872;1:22:23.03;4943.03;871;-1
m;25km;25km;long;Road II · 25 km;time;825;1:24:04.03;5044.03;824;-1
m;25km;25km;long;Road II · 25 km;time;795;1:25:10.04;5110.04;794;-1
m;25km;25km;long;Road II · 25 km;time;741;1:27:12.04;5232.04;740;-1
m;25km;25km;long;Road II · 25 km;time;725;1:27:49.02;5269.02;724;-1
m;25km;25km;long;Road II · 25 km;time;507;1:37:01.03;5821.03;506;-1
m;25km;25km;long;Road II · 25 km;time;486;1:38:00.04;5880.04;485;-1
m;25km;25km;long;Road II · 25 km;time;216;1:53:20.03;6800.03;215;-1
m;25km;25km;long;Road II · 25 km;time;54;2:08:40.01;7720.01;53;-1
m;25km;25km;long;Road II · 25 km;time;25;2:13:34.03;8014.03;24;-1
m;30km;30km;long;Road II · 30 km;time;1080;1:32:03.03;5523.03;1079;-1
m;30km;30km;long;Road II · 30 km;time;971;1:36:26.04;5786.04;970;-1
m;30km;30km;long;Road II · 30 km;time;939;1:37:46.04;5866.04;938;-1
m;30km;30km;long;Road II · 30 km;time;737;1:46:46.04;6406.04;736;-1
m;30km;30km;long;Road II · 30 km;time;691;1:48:59.01;6539.01;690;-1
m;30km;30km;long;Road II · 30 km;time;623;1:52:24.04;6744.04;622;-1
m;30km;30km;long;Road II · 30 km;time;599;1:53:39.03;6819.03;598;-1
m;30km;30km;long;Road II · 30 km;time;223;2:18:13.02;8293.02;222;-1
m;30km;30km;long;Road II · 30 km;time;135;2:26:45.02;8805.02;134;-1
m;30km;30km;long;Road II · 30 km;time;127;2:27:39.02;8859.02;126;-1
m;30km;30km;long;Road II · 30 km;time;17;2:46:03.04;9963.04;16;-1
m;marathon;marathon;long;Road II · Marathon;time;1309;2:00:30.04;7230.04;1308;-1
m;marathon;marathon;long;Road II · Marathon;time;1206;2:05:54.04;7554.04;1205;-1
m;marathon;marathon;long;Road II · Marathon;time;1172;2:07:44.03;7664.03;1171;-1
m;marathon;marathon;long;Road II · Marathon;time;1115;2:10:52.03;7852.03;1114;-1
m;marathon;marathon;long;Road II · Marathon;time;947;2:20:36.01;8436.01;946;-1
m;marathon;marathon;long;Road II · Marathon;time;887;2:24:17.02;8657.02;886;-1
m;marathon;marathon;long;Road II · Marathon;time;744;2:33:36.03;9216.03;743;-1
m;marathon;marathon;long;Road II · Marathon;time;346;3:05:51.04;11151.04;345;-1
m;marathon;marathon;long;Road II · Marathon;time;297;3:10:56.04;11456.04;296;-1
m;marathon;marathon;long;Road II · Marathon;time;293;3:11:22.04;11482.04;292;-1
m;marathon;marathon;long;Road II · Marathon;time;281;3:12:41.01;11561.01;280;-1
m;marathon;marathon;long;Road II · Marathon;time;162;3:27:41.04;12461.04;161;-1
m;marathon;marathon;long;Road II · Marathon;time;57;3:46:56.04;13616.04;56;-1
m;100km;100km;long;Road II · 100 km;time;1389;5:42:27.04;20547.04;1388;-1
m;100km;100km;long;Road II · 100 km;time;1118;6:30:32.03;23432.03;1117;-1
m;100km;100km;long;Road II · 100 km;time;1049;6:43:41.03;24221.03;1048;-1
m;100km;100km;long;Road II · 100 km;time;1013;6:50:43.01;24643.01;1012;-1
m;100km;100km;long;Road II · 100 km;time;918;7:09:54.03;25794.03;917;-1
m;100km;100km;long;Road II · 100 km;time;880;7:17:51.04;26271.04;879;-1
m;100km;100km;long;Road II · 100 km;time;873;7:19:20.04;26360.04;872;-1
m;100km;100km;long;Road II · 100 km;time;753;7:45:45.04;27945.04;752;-1
m;100km;100km;long;Road II · 100 km;time;745;7:47:35.03;28055.03;744;-1
m;100km;100km;long;Road II · 100 km;time;714;7:54:47.03;28487.03;713;-1
m;100km;100km;long;Road II · 100 km;time;706;7:56:40.04;28600.04;705;-1
m;100km;100km;long;Road II · 100 km;time;596;8:23:44.02;30224.02;595;-1
m;100km;100km;long;Road II · 100 km;time;408;9:16:36.02;33396.02;407;-1
m;100km;100km;long;Road II · 100 km;time;405;9:17:32.01;33452.01;404;-1
m;100km;100km;long;Road II · 100 km;time;166;10:48:22.03;38902.03;165;-1
m;100km;100km;long;Road II · 100 km;time;102;11:23:18.01;40998.01;101;-1
m;100km;100km;long;Road II · 100 km;time;33;12:17:56.03;44276.03;32;-1
m;100km;100km;long;Road II · 100 km;time;32;12:19:02.04;44342.04;31;-1
m;100km;100km;long;Road II · 100 km;time;8;12:54:31.02;46471.02;7;-1
m;3kmW;3kmW;long;Walk Road I · 3km W;time;1318;10:05;605;1317;-1
m;10kmW;10kmW;long;Walk Road I · 10km W;time;355;1:03:03.02;3783.02;354;-1
m;10kmW;10kmW;long;Walk Road I · 10km W;time;286;1:06:04.03;3964.03;285;-1
m;10kmW;10kmW;long;Walk Road I · 10km W;time;262;1:07:12.03;4032.03;261;-1
m;10kmW;10kmW;long;Walk Road I · 10km W;time;164;1:12:29.03;4349.03;163;-1
m;15kmW;15kmW;long;Walk Road I · 15km W;time;1156;1:00:12.04;3612.04;1155;-1
m;15kmW;15kmW;long;Walk Road I · 15km W;time;1145;1:00:35.02;3635.02;1144;-1
m;15kmW;15kmW;long;Walk Road I · 15km W;time;1094;1:02:23.02;3743.02;1093;-1
m;15kmW;15kmW;long;Walk Road I · 15km W;time;1026;1:04:51.02;3891.02;1025;-1
m;15kmW;15kmW;long;Walk Road I · 15km W;time;1008;1:05:31.03;3931.03;1007;-1
m;15kmW;15kmW;long;Walk Road I · 15km W;time;958;1:07:24.04;4044.04;957;-1
m;15kmW;15kmW;long;Walk Road I · 15km W;time;742;1:16:10.04;4570.04;741;-1
m;15kmW;15kmW;long;Walk Road I · 15km W;time;447;1:30:34.04;5434.04;446;-1
m;15kmW;15kmW;long;Walk Road I · 15km W;time;381;1:34:24.04;5664.04;380;-1
m;15kmW;15kmW;long;Walk Road I · 15km W;time;311;1:38:51.01;5931.01;310;-1
m;15kmW;15kmW;long;Walk Road I · 15km W;time;199;1:47:11.01;6431.01;198;-1
m;15kmW;15kmW;long;Walk Road I · 15km W;time;124;1:54:12.04;6852.04;123;-1
m;15kmW;15kmW;long;Walk Road I · 15km W;time;114;1:55:17.01;6917.01;113;-1
m;15kmW;15kmW;long;Walk Road I · 15km W;time;74;2:00:11.03;7211.03;73;-1
m;15kmW;15kmW;long;Walk Road I · 15km W;time;11;2:12:40.03;7960.03;10;-1
m;20kmW;20kmW;long;Walk Road I · 20km W;time;1339;1:13:23.03;4403.03;1338;-1
m;20kmW;20kmW;long;Walk Road I · 20km W;time;1268;1:16:31.04;4591.04;1267;-1
m;20kmW;20kmW;long;Walk Road I · 20km W;time;1141;1:22:21.04;4941.04;1140;-1
m;20kmW;20kmW;long;Walk Road I · 20km W;time;944;1:32:05.02;5525.02;943;-1
m;20kmW;20kmW;long;Walk Road I · 20km W;time;903;1:34:14.02;5654.02;902;-1
m;20kmW;20kmW;long;Walk Road I · 20km W;time;799;1:39:55.04;5995.04;798;-1
m;20kmW;20kmW;long;Walk Road I · 20km W;time;695;1:45:59.04;6359.04;694;-1
m;20kmW;20kmW;long;Walk Road I · 20km W;time;270;2:17:38.03;8258.03;269;-1
m;half_marathonW;half_marathonW;long;Walk Road II · HMW;time;1387;1:15:53.02;4553.02;1386;-1
m;half_marathonW;half_marathonW;long;Walk Road II · HMW;time;1342;1:17:58.04;4678.04;1341;-1
m;half_marathonW;half_marathonW;long;Walk Road II · HMW;time;1337;1:18:12.04;4692.04;1336;-1
m;half_marathonW;half_marathonW;long;Walk Road II · HMW;time;1205;1:24:32.03;5072.03;1204;-1
m;half_marathonW;half_marathonW;long;Walk Road II · HMW;time;1094;1:30:08.04;5408.04;1093;-1
m;half_marathonW;half_marathonW;long;Walk Road II · HMW;time;1038;1:33:04.03;5584.03;1037;-1
m;half_marathonW;half_marathonW;long;Walk Road II · HMW;time;931;1:38:54.04;5934.04;930;-1
m;half_marathonW;half_marathonW;long;Walk Road II · HMW;time;744;1:49:58.02;6598.02;743;-1
m;half_marathonW;half_marathonW;long;Walk Road II · HMW;time;678;1:54:12.04;6852.04;677;-1
m;half_marathonW;half_marathonW;long;Walk Road II · HMW;time;626;1:57:41.04;7061.04;625;-1
m;half_marathonW;half_marathonW;long;Walk Road II · HMW;time;510;2:06:01.04;7561.04;509;-1
m;half_marathonW;half_marathonW;long;Walk Road II · HMW;time;485;2:07:56.04;7676.04;484;-1
m;half_marathonW;half_marathonW;long;Walk Road II · HMW;time;472;2:08:57.03;7737.03;471;-1
m;half_marathonW;half_marathonW;long;Walk Road II · HMW;time;380;2:16:35.04;8195.04;379;-1
m;half_marathonW;half_marathonW;long;Walk Road II · HMW;time;373;2:17:12.02;8232.02;372;-1
m;half_marathonW;half_marathonW;long;Walk Road II · HMW;time;185;2:36:44.04;9404.04;184;-1
m;half_marathonW;half_marathonW;long;Walk Road II · HMW;time;95;2:49:55.03;10195.03;94;-1
m;30kmW;30kmW;long;Walk Road II · 30km W;time;1400;1:49:49.04;6589.04;1399;-1
m;30kmW;30kmW;long;Walk Road II · 30km W;time;1293;1:57:57.02;7077.02;1292;-1
m;30kmW;30kmW;long;Walk Road II · 30km W;time;1217;2:03:56.02;7436.02;1216;-1
m;30kmW;30kmW;long;Walk Road II · 30km W;time;1212;2:04:20.04;7460.04;1211;-1
m;30kmW;30kmW;long;Walk Road II · 30km W;time;1195;2:05:42.03;7542.03;1194;-1
m;30kmW;30kmW;long;Walk Road II · 30km W;time;1130;2:11:01.02;7861.02;1129;-1
m;30kmW;30kmW;long;Walk Road II · 30km W;time;934;2:28:03.04;8883.04;933;-1
m;30kmW;30kmW;long;Walk Road II · 30km W;time;865;2:34:28.04;9268.04;864;-1
m;30kmW;30kmW;long;Walk Road II · 30km W;time;631;2:58:24.01;10704.01;630;-1
m;30kmW;30kmW;long;Walk Road II · 30km W;time;512;3:12:18.03;11538.03;511;-1
m;30kmW;30kmW;long;Walk Road II · 30km W;time;330;3:37:11.02;13031.02;329;-1
m;30kmW;30kmW;long;Walk Road II · 30km W;time;303;3:41:25.04;13285.04;302;-1
m;30kmW;30kmW;long;Walk Road II · 30km W;time;32;4:46:57.01;17217.01;31;-1
m;35kmW;35kmW;long;Walk Road II · 35km W;time;1378;2:10:19.03;7819.03;1377;-1
m;35kmW;35kmW;long;Walk Road II · 35km W;time;1369;2:11:08.02;7868.02;1368;-1
m;35kmW;35kmW;long;Walk Road II · 35km W;time;1244;2:22:46.04;8566.04;1243;-1
m;35kmW;35kmW;long;Walk Road II · 35km W;time;1220;2:25:04.02;8704.02;1219;-1
m;35kmW;35kmW;long;Walk Road II · 35km W;time;1180;2:28:57.04;8937.04;1179;-1
m;35kmW;35kmW;long;Walk Road II · 35km W;time;1140;2:32:54.04;9174.04;1139;-1
m;35kmW;35kmW;long;Walk Road II · 35km W;time;1122;2:34:42.04;9282.04;1121;-1
m;35kmW;35kmW;long;Walk Road II · 35km W;time;1083;2:38:39.03;9519.03;1082;-1
m;35kmW;35kmW;long;Walk Road II · 35km W;time;1059;2:41:07.04;9667.04;1058;-1
m;35kmW;35kmW;long;Walk Road II · 35km W;time;956;2:52:02.04;10322.04;955;-1
m;35kmW;35kmW;long;Walk Road II · 35km W;time;945;2:53:14.01;10394.01;944;-1
m;35kmW;35kmW;long;Walk Road II · 35km W;time;803;3:09:24.02;11364.02;802;-1
m;35kmW;35kmW;long;Walk Road II · 35km W;time;675;3:25:15.02;12315.02;674;-1
m;35kmW;35kmW;long;Walk Road II · 35km W;time;432;4:00:12.04;14412.04;431;-1
m;35kmW;35kmW;long;Walk Road II · 35km W;time;380;4:08:53.03;14933.03;379;-1
m;35kmW;35kmW;long;Walk Road II · 35km W;time;305;4:22:32.02;15752.02;304;-1
m;35kmW;35kmW;long;Walk Road II · 35km W;time;285;4:26:27.02;15987.02;284;-1
m;35kmW;35kmW;long;Walk Road II · 35km W;time;192;4:46:48.03;17208.03;191;-1
m;35kmW;35kmW;long;Walk Road II · 35km W;time;106;5:10:45.03;18645.03;105;-1
m;35kmW;35kmW;long;Walk Road II · 35km W;time;79;5:20:13.03;19213.03;78;-1
m;35kmW;35kmW;long;Walk Road II · 35km W;time;75;5:21:45.04;19305.04;74;-1
m;35kmW;35kmW;long;Walk Road II · 35km W;time;48;5:33:24.02;20004.02;47;-1
m;35kmW;35kmW;long;Walk Road II · 35km W;time;3;6:08:21.03;22101.03;2;-1
m;marathonW;marathonW;long;Walk Road II · MarW;time;1372;2:41:40.04;9700.04;1371;-1
m;marathonW;marathonW;long;Walk Road II · MarW;time;1253;2:56:27.02;10587.02;1252;-1
m;marathonW;marathonW;long;Walk Road II · MarW;time;1197;3:03:39.02;11019.02;1196;-1
m;marathonW;marathonW;long;Walk Road II · MarW;time;1171;3:07:03.01;11223.01;1170;-1
m;marathonW;marathonW;long;Walk Road II · MarW;time;1107;3:15:35.02;11735.02;1106;-1
m;marathonW;marathonW;long;Walk Road II · MarW;time;959;3:36:19.01;12979.01;958;-1
m;marathonW;marathonW;long;Walk Road II · MarW;time;770;4:05:17.03;14717.03;769;-1
m;marathonW;marathonW;long;Walk Road II · MarW;time;757;4:07:24.04;14844.04;756;-1
m;marathonW;marathonW;long;Walk Road II · MarW;time;715;4:14:22.04;15262.04;714;-1
m;marathonW;marathonW;long;Walk Road II · MarW;time;665;4:22:56.04;15776.04;664;-1
m;marathonW;marathonW;long;Walk Road II · MarW;time;657;4:24:20.02;15860.02;656;-1
m;marathonW;marathonW;long;Walk Road II · MarW;time;605;4:33:39.02;16419.02;604;-1
m;marathonW;marathonW;long;Walk Road II · MarW;time;599;4:34:45.03;16485.03;598;-1
m;marathonW;marathonW;long;Walk Road II · MarW;time;494;4:54:59.04;17699.04;493;-1
m;marathonW;marathonW;long;Walk Road II · MarW;time;400;5:15:01.04;18901.04;399;-1
m;50kmW;50kmW;long;Walk Road II · 50km W;time;1353;3:19:21.04;11961.04;1352;-1
m;50kmW;50kmW;long;Walk Road II · 50km W;time;1350;3:19:49.04;11989.04;1349;-1
m;50kmW;50kmW;long;Walk Road II · 50km W;time;1284;3:30:13.02;12613.02;1283;-1
m;50kmW;50kmW;long;Walk Road II · 50km W;time;1232;3:38:36.04;13116.04;1231;-1
m;50kmW;50kmW;long;Walk Road II · 50km W;time;1210;3:42:12.04;13332.04;1209;-1
m;50kmW;50kmW;long;Walk Road II · 50km W;time;1188;3:45:50.03;13550.03;1187;-1
m;50kmW;50kmW;long;Walk Road II · 50km W;time;1050;4:09:26.04;14966.04;1049;-1
m;50kmW;50kmW;long;Walk Road II · 50km W;time;1024;4:14:03.03;15243.03;1023;-1
m;50kmW;50kmW;long;Walk Road II · 50km W;time;982;4:21:38.02;15698.02;981;-1
m;50kmW;50kmW;long;Walk Road II · 50km W;time;952;4:27:09.01;16029.01;951;-1
m;50kmW;50kmW;long;Walk Road II · 50km W;time;838;4:48:57.02;17337.02;837;-1
m;50kmW;50kmW;long;Walk Road II · 50km W;time;608;5:38:01.02;20281.02;607;-1
m;50kmW;50kmW;long;Walk Road II · 50km W;time;568;5:47:27.02;20847.02;567;-1
m;50kmW;50kmW;long;Walk Road II · 50km W;time;308;6:59:18.04;25158.04;307;-1
m;50kmW;50kmW;long;Walk Road II · 50km W;time;211;7:33:53.02;27233.02;210;-1
m;50kmW;50kmW;long;Walk Road II · 50km W;time;175;7:48:43.03;28123.03;174;-1
m;50kmW;50kmW;long;Walk Road II · 50km W;time;173;7:49:35.04;28175.04;172;-1
m;3000mW;3000mW;long;Walk Track I · 3000mW;time;1318;10:05.00;605;1317;-1
f;100m;100m;long;Sprints I · 100m;time;557;14.50;14.5;558;1
f;500m;500m;long;Sprints II · 500m;time;469;1:35.50;95.5;468;-1
f;50mh;50mh;long;Hurdles · 50mH;time;404;10.30;10.3;405;1
f;60mh;60mh;long;Hurdles · 60mH;time;1115;8.20;8.2;1116;1
f;10km;10km;long;Road I · 10 km;time;71;1:04:16.03;3856.03;70;-1
f;15km;15km;long;Road I · 15 km;time;781;1:01:06.04;3666.04;780;-1
f;15km;15km;long;Road I · 15 km;time;763;1:01:48.03;3708.03;762;-1
f;15km;15km;long;Road I · 15 km;time;749;1:02:21.03;3741.03;748;-1
f;15km;15km;long;Road I · 15 km;time;741;1:02:40.04;3760.04;740;-1
f;15km;15km;long;Road I · 15 km;time;615;1:07:54.02;4074.02;614;-1
f;15km;15km;long;Road I · 15 km;time;486;1:13:51.02;4431.02;485;-1
f;15km;15km;long;Road I · 15 km;time;190;1:31:42.04;5502.04;189;-1
f;15km;15km;long;Road I · 15 km;time;127;1:37:08.03;5828.03;126;-1
f;15km;15km;long;Road I · 15 km;time;112;1:38:37.02;5917.02;111;-1
f;15km;15km;long;Road I · 15 km;time;63;1:44:20.03;6260.03;62;-1
f;15km;15km;long;Road I · 15 km;time;28;1:50:03.03;6603.03;27;-1
f;15km;15km;long;Road I · 15 km;time;11;1:54:19.04;6859.04;10;-1
f;15km;15km;long;Road I · 15 km;time;7;1:55:46.04;6946.04;6;-1
f;10miles;10miles;long;Road I · 10 Miles;time;924;1:00:12.04;3612.04;923;-1
f;10miles;10miles;long;Road I · 10 Miles;time;909;1:00:47.03;3647.03;908;-1
f;10miles;10miles;long;Road I · 10 Miles;time;826;1:04:06.01;3846.01;825;-1
f;10miles;10miles;long;Road I · 10 Miles;time;708;1:09:07.03;4147.03;707;-1
f;10miles;10miles;long;Road I · 10 Miles;time;640;1:12:12.01;4332.01;639;-1
f;10miles;10miles;long;Road I · 10 Miles;time;466;1:20:56.03;4856.03;465;-1
f;10miles;10miles;long;Road I · 10 Miles;time;360;1:27:05.04;5225.04;359;-1
f;10miles;10miles;long;Road I · 10 Miles;time;309;1:30:22.03;5422.03;308;-1
f;10miles;10miles;long;Road I · 10 Miles;time;231;1:35:58.04;5758.04;230;-1
f;10miles;10miles;long;Road I · 10 Miles;time;101;1:48:05.01;6485.01;100;-1
f;10miles;10miles;long;Road I · 10 Miles;time;47;1:55:36.02;6936.02;46;-1
f;10miles;10miles;long;Road I · 10 Miles;time;40;1:56:51.01;7011.01;39;-1
f;20km;20km;long;Road I · 20 km;time;1229;1:01:46.04;3706.04;1228;-1
f;20km;20km;long;Road I · 20 km;time;1221;1:02:07.04;3727.04;1220;-1
f;20km;20km;long;Road I · 20 km;time;1171;1:04:20.01;3860.01;1170;-1
f;20km;20km;long;Road I · 20 km;time;1101;1:07:31.04;4051.04;1100;-1
f;20km;20km;long;Road I · 20 km;time;1013;1:11:40.04;4300.04;1012;-1
f;20km;20km;long;Road I · 20 km;time;953;1:14:36.04;4476.04;952;-1
f;20km;20km;long;Road I · 20 km;time;869;1:18:52.04;4732.04;868;-1
f;20km;20km;long;Road I · 20 km;time;854;1:19:39.04;4779.04;853;-1
f;20km;20km;long;Road I · 20 km;time;807;1:22:09.03;4929.03;806;-1
f;20km;20km;long;Road I · 20 km;time;784;1:23:24.03;5004.03;783;-1
f;20km;20km;long;Road I · 20 km;time;739;1:25:54.02;5154.02;738;-1
f;20km;20km;long;Road I · 20 km;time;327;1:53:48.02;6828.02;326;-1
f;20km;20km;long;Road I · 20 km;time;273;1:58:35.04;7115.04;272;-1
f;20km;20km;long;Road I · 20 km;time;196;2:06:19.01;7579.01;195;-1
f;20km;20km;long;Road I · 20 km;time;168;2:09:30.04;7770.04;167;-1
f;20km;20km;long;Road I · 20 km;time;77;2:22:20.04;8540.04;76;-1
f;half_marathon;half_marathon;long;Road II · HM;time;1246;1:04:30.03;3870.03;1245;-1
f;half_marathon;half_marathon;long;Road II · HM;time;1060;1:13:28.04;4408.04;1059;-1
f;half_marathon;half_marathon;long;Road II · HM;time;948;1:19:15.02;4755.02;947;-1
f;half_marathon;half_marathon;long;Road II · HM;time;858;1:24:09.04;5049.04;857;-1
f;half_marathon;half_marathon;long;Road II · HM;time;829;1:25:47.02;5147.02;828;-1
f;half_marathon;half_marathon;long;Road II · HM;time;389;1:55:27.03;6927.03;388;-1
f;half_marathon;half_marathon;long;Road II · HM;time;381;1:56:07.04;6967.04;380;-1
f;half_marathon;half_marathon;long;Road II · HM;time;295;2:03:47.03;7427.03;294;-1
f;half_marathon;half_marathon;long;Road II · HM;time;265;2:06:43.03;7603.03;264;-1
f;half_marathon;half_marathon;long;Road II · HM;time;120;2:24:08.04;8648.04;119;-1
f;half_marathon;half_marathon;long;Road II · HM;time;95;2:28:05.03;8885.03;94;-1
f;half_marathon;half_marathon;long;Road II · HM;time;30;2:42:03.02;9723.02;29;-1
f;25km;25km;long;Road II · 25 km;time;1355;1:11:40.04;4300.04;1354;-1
f;25km;25km;long;Road II · 25 km;time;1276;1:15:58.03;4558.03;1275;-1
f;25km;25km;long;Road II · 25 km;time;1222;1:18:59.04;4739.04;1221;-1
f;25km;25km;long;Road II · 25 km;time;1207;1:19:50.02;4790.02;1206;-1
f;25km;25km;long;Road II · 25 km;time;911;1:37:50.02;5870.02;910;-1
f;25km;25km;long;Road II · 25 km;time;893;1:39:01.04;5941.04;892;-1
f;25km;25km;long;Road II · 25 km;time;618;1:58:51.02;7131.02;617;-1
f;25km;25km;long;Road II · 25 km;time;397;2:18:20.02;8300.02;396;-1
f;25km;25km;long;Road II · 25 km;time;319;2:26:29.04;8789.04;318;-1
f;25km;25km;long;Road II · 25 km;time;292;2:29:32.04;8972.04;291;-1
f;25km;25km;long;Road II · 25 km;time;281;2:30:49.02;9049.02;280;-1
f;25km;25km;long;Road II · 25 km;time;233;2:36:44.04;9404.04;232;-1
f;25km;25km;long;Road II · 25 km;time;120;2:53:45.02;10425.02;119;-1
f;25km;25km;long;Road II · 25 km;time;73;3:03:16.04;10996.04;72;-1
f;30km;30km;long;Road II · 30 km;time;1373;1:26:04.04;5164.04;1372;-1
f;30km;30km;long;Road II · 30 km;time;1258;1:33:46.02;5626.02;1257;-1
f;30km;30km;long;Road II · 30 km;time;1087;1:45:54.03;6354.03;1086;-1
f;30km;30km;long;Road II · 30 km;time;1058;1:48:03.02;6483.02;1057;-1
f;30km;30km;long;Road II · 30 km;time;881;2:01:52.03;7312.03;880;-1
f;30km;30km;long;Road II · 30 km;time;735;2:14:21.03;8061.03;734;-1
f;30km;30km;long;Road II · 30 km;time;502;2:37:12.03;9432.03;501;-1
f;30km;30km;long;Road II · 30 km;time;383;2:50:58.01;10258.01;382;-1
f;marathon;marathon;long;Road II · Marathon;time;1343;2:06:55.04;7615.04;1342;-1
f;marathon;marathon;long;Road II · Marathon;time;1235;2:17:43.04;8263.04;1234;-1
f;marathon;marathon;long;Road II · Marathon;time;1205;2:20:48.02;8448.02;1204;-1
f;marathon;marathon;long;Road II · Marathon;time;1176;2:23:49.03;8629.03;1175;-1
f;marathon;marathon;long;Road II · Marathon;time;1069;2:35:17.03;9317.03;1068;-1
f;marathon;marathon;long;Road II · Marathon;time;1045;2:37:56.01;9476.01;1044;-1
f;marathon;marathon;long;Road II · Marathon;time;980;2:45:16.04;9916.04;979;-1
f;marathon;marathon;long;Road II · Marathon;time;951;2:48:37.01;10117.01;950;-1
f;marathon;marathon;long;Road II · Marathon;time;836;3:02:26.02;10946.02;835;-1
f;marathon;marathon;long;Road II · Marathon;time;708;3:18:59.01;11939.01;707;-1
f;marathon;marathon;long;Road II · Marathon;time;585;3:36:22.03;12982.03;584;-1
f;marathon;marathon;long;Road II · Marathon;time;539;3:43:20.04;13400.04;538;-1
f;marathon;marathon;long;Road II · Marathon;time;479;3:52:53.04;13973.04;478;-1
f;marathon;marathon;long;Road II · Marathon;time;409;4:04:49.04;14689.04;408;-1
f;marathon;marathon;long;Road II · Marathon;time;245;4:37:38.01;16658.01;244;-1
f;marathon;marathon;long;Road II · Marathon;time;238;4:39:15.03;16755.03;237;-1
f;marathon;marathon;long;Road II · Marathon;time;209;4:46:13.04;17173.04;208;-1
f;100km;100km;long;Road II · 100 km;time;1200;6:42:26.04;24146.04;1199;-1
f;100km;100km;long;Road II · 100 km;time;1036;7:26:11.04;26771.04;1035;-1
f;100km;100km;long;Road II · 100 km;time;908;8:02:48.02;28968.02;907;-1
f;100km;100km;long;Road II · 100 km;time;821;8:29:11.04;30551.04;820;-1
f;100km;100km;long;Road II · 100 km;time;804;8:34:30.03;30870.03;803;-1
f;100km;100km;long;Road II · 100 km;time;775;8:43:42.04;31422.04;774;-1
f;100km;100km;long;Road II · 100 km;time;650;9:25:29.02;33929.02;649;-1
f;100km;100km;long;Road II · 100 km;time;518;10:14:15.04;36855.04;517;-1
f;100km;100km;long;Road II · 100 km;time;480;10:29:25.01;37765.01;479;-1
f;100km;100km;long;Road II · 100 km;time;408;10:59:54.01;39594.01;407;-1
f;100km;100km;long;Road II · 100 km;time;379;11:12:56.02;40376.02;378;-1
f;100km;100km;long;Road II · 100 km;time;345;11:28:52.03;41332.03;344;-1
f;100km;100km;long;Road II · 100 km;time;247;12:19:49.04;44389.04;246;-1
f;100km;100km;long;Road II · 100 km;time;227;12:31:24.04;45084.04;226;-1
f;100km;100km;long;Road II · 100 km;time;201;12:47:15.04;46035.04;200;-1
f;100km;100km;long;Road II · 100 km;time;178;13:02:09.02;46929.02;177;-1
f;100km;100km;long;Road II · 100 km;time;165;13:11:00.04;47460.04;164;-1
f;100km;100km;long;Road II · 100 km;time;102;13:59:57.03;50397.03;101;-1
f;10kmW;10kmW;long;Walk Road I · 10km W;time;615;1:00:21.02;3621.02;614;-1
f;10kmW;10kmW;long;Walk Road I · 10km W;time;371;1:10:46.04;4246.04;370;-1
f;10kmW;10kmW;long;Walk Road I · 10km W;time;225;1:18:47.03;4727.03;224;-1
f;10kmW;10kmW;long;Walk Road I · 10km W;time;184;1:21:29.03;4889.03;183;-1
f;20kmW;20kmW;long;Walk Road I · 20km W;time;1236;1:24:30.04;5070.04;1235;-1
f;20kmW;20kmW;long;Walk Road I · 20km W;time;1210;1:25:56.01;5156.01;1209;-1
f;20kmW;20kmW;long;Walk Road I · 20km W;time;1195;1:26:46.03;5206.03;1194;-1
f;20kmW;20kmW;long;Walk Road I · 20km W;time;960;1:40:35.04;6035.04;959;-1
f;20kmW;20kmW;long;Walk Road I · 20km W;time;694;1:58:28.04;7108.04;693;-1
f;20kmW;20kmW;long;Walk Road I · 20km W;time;400;2:22:55.03;8575.03;399;-1
f;20kmW;20kmW;long;Walk Road I · 20km W;time;378;2:25:04.02;8704.02;377;-1
f;20kmW;20kmW;long;Walk Road I · 20km W;time;365;2:26:22.04;8782.04;364;-1
f;20kmW;20kmW;long;Walk Road I · 20km W;time;256;2:38:20.03;9500.03;255;-1
f;20kmW;20kmW;long;Walk Road I · 20km W;time;246;2:39:33.03;9573.03;245;-1
f;20kmW;20kmW;long;Walk Road I · 20km W;time;235;2:40:55.03;9655.03;234;-1
f;20kmW;20kmW;long;Walk Road I · 20km W;time;220;2:42:50.03;9770.03;219;-1
f;20kmW;20kmW;long;Walk Road I · 20km W;time;144;2:53:45.02;10425.02;143;-1
f;20kmW;20kmW;long;Walk Road I · 20km W;time;64;3:09:10.02;11350.02;63;-1
f;20kmW;20kmW;long;Walk Road I · 20km W;time;16;3:24:35.02;12275.02;15;-1
f;half_marathonW;half_marathonW;long;Walk Road II · HMW;time;1019;1:43:03.04;6183.04;1018;-1
f;half_marathonW;half_marathonW;long;Walk Road II · HMW;time;996;1:44:32.04;6272.04;995;-1
f;half_marathonW;half_marathonW;long;Walk Road II · HMW;time;972;1:46:06.04;6366.04;971;-1
f;half_marathonW;half_marathonW;long;Walk Road II · HMW;time;780;1:59:24.03;7164.03;779;-1
f;half_marathonW;half_marathonW;long;Walk Road II · HMW;time;661;2:08:29.04;7709.04;660;-1
f;half_marathonW;half_marathonW;long;Walk Road II · HMW;time;588;2:14:28.03;8068.03;587;-1
f;half_marathonW;half_marathonW;long;Walk Road II · HMW;time;490;2:23:07.04;8587.04;489;-1
f;half_marathonW;half_marathonW;long;Walk Road II · HMW;time;384;2:33:31.02;9211.02;383;-1
f;half_marathonW;half_marathonW;long;Walk Road II · HMW;time;300;2:42:50.03;9770.03;299;-1
f;half_marathonW;half_marathonW;long;Walk Road II · HMW;time;210;2:54:25.03;10465.03;209;-1
f;half_marathonW;half_marathonW;long;Walk Road II · HMW;time;108;3:11:12.02;11472.02;107;-1
f;half_marathonW;half_marathonW;long;Walk Road II · HMW;time;96;3:13:38.04;11618.04;95;-1
f;half_marathonW;half_marathonW;long;Walk Road II · HMW;time;12;3:39:34.01;13174.01;11;-1
f;30kmW;30kmW;long;Walk Road II · 30km W;time;1280;2:08:50.04;7730.04;1279;-1
f;30kmW;30kmW;long;Walk Road II · 30km W;time;1232;2:13:08.03;7988.03;1231;-1
f;30kmW;30kmW;long;Walk Road II · 30km W;time;1039;2:31:20.04;9080.04;1038;-1
f;30kmW;30kmW;long;Walk Road II · 30km W;time;968;2:38:27.02;9507.02;967;-1
f;30kmW;30kmW;long;Walk Road II · 30km W;time;815;2:54:44.04;10484.04;814;-1
f;30kmW;30kmW;long;Walk Road II · 30km W;time;794;2:57:05.04;10625.04;793;-1
f;30kmW;30kmW;long;Walk Road II · 30km W;time;554;3:26:33.04;12393.04;553;-1
f;30kmW;30kmW;long;Walk Road II · 30km W;time;546;3:27:38.02;12458.02;545;-1
f;30kmW;30kmW;long;Walk Road II · 30km W;time;485;3:36:10.02;12970.02;484;-1
f;30kmW;30kmW;long;Walk Road II · 30km W;time;482;3:36:36.03;12996.03;481;-1
f;30kmW;30kmW;long;Walk Road II · 30km W;time;382;3:51:54.03;13914.03;381;-1
f;30kmW;30kmW;long;Walk Road II · 30km W;time;371;3:53:42.03;14022.03;370;-1
f;30kmW;30kmW;long;Walk Road II · 30km W;time;320;4:02:25.01;14545.01;319;-1
f;30kmW;30kmW;long;Walk Road II · 30km W;time;270;4:11:40.04;15100.04;269;-1
f;35kmW;35kmW;long;Walk Road II · 35 km W;time;1276;2:35:52.02;9352.02;1275;-1
f;35kmW;35kmW;long;Walk Road II · 35 km W;time;1195;2:44:31.03;9871.03;1194;-1
f;35kmW;35kmW;long;Walk Road II · 35 km W;time;1022;3:04:02.01;11042.01;1021;-1
f;35kmW;35kmW;long;Walk Road II · 35 km W;time;966;3:10:42.04;11442.04;965;-1
f;35kmW;35kmW;long;Walk Road II · 35 km W;time;859;3:24:00.03;12240.03;858;-1
f;35kmW;35kmW;long;Walk Road II · 35 km W;time;775;3:35:02.03;12902.03;774;-1
f;35kmW;35kmW;long;Walk Road II · 35 km W;time;615;3:57:51.03;14271.03;614;-1
f;35kmW;35kmW;long;Walk Road II · 35 km W;time;536;4:10:13.04;15013.04;535;-1
f;35kmW;35kmW;long;Walk Road II · 35 km W;time;507;4:14:59.02;15299.02;506;-1
f;35kmW;35kmW;long;Walk Road II · 35 km W;time;493;4:17:20.03;15440.03;492;-1
f;35kmW;35kmW;long;Walk Road II · 35 km W;time;479;4:19:43.02;15583.02;478;-1
f;35kmW;35kmW;long;Walk Road II · 35 km W;time;420;4:30:10.02;16210.02;419;-1
f;35kmW;35kmW;long;Walk Road II · 35 km W;time;319;4:49:56.04;17396.04;318;-1
f;35kmW;35kmW;long;Walk Road II · 35 km W;time;268;5:01:07.02;18067.02;267;-1
f;marathonW;marathonW;long;Walk Road II · MarW;time;1341;3:04:54.02;11094.02;1340;-1
f;marathonW;marathonW;long;Walk Road II · MarW;time;1232;3:19:20.01;11960.01;1231;-1
f;marathonW;marathonW;long;Walk Road II · MarW;time;1212;3:22:03.04;12123.04;1211;-1
f;marathonW;marathonW;long;Walk Road II · MarW;time;1202;3:23:25.04;12205.04;1201;-1
f;marathonW;marathonW;long;Walk Road II · MarW;time;1103;3:37:16.03;13036.03;1102;-1
f;marathonW;marathonW;long;Walk Road II · MarW;time;1082;3:40:17.04;13217.04;1081;-1
f;marathonW;marathonW;long;Walk Road II · MarW;time;952;3:59:39.03;14379.03;951;-1
f;marathonW;marathonW;long;Walk Road II · MarW;time;931;4:02:54.04;14574.04;930;-1
f;marathonW;marathonW;long;Walk Road II · MarW;time;920;4:04:37.03;14677.03;919;-1
f;marathonW;marathonW;long;Walk Road II · MarW;time;726;4:36:47.03;16607.03;725;-1
f;marathonW;marathonW;long;Walk Road II · MarW;time;669;4:47:02.03;17222.03;668;-1
f;marathonW;marathonW;long;Walk Road II · MarW;time;560;5:07:56.04;18476.04;559;-1
f;marathonW;marathonW;long;Walk Road II · MarW;time;457;5:29:39.03;19779.03;456;-1
f;marathonW;marathonW;long;Walk Road II · MarW;time;447;5:31:53.04;19913.04;446;-1
f;marathonW;marathonW;long;Walk Road II · MarW;time;443;5:32:47.04;19967.04;442;-1
f;marathonW;marathonW;long;Walk Road II · MarW;time;315;6:04:07.02;21847.02;314;-1
f;marathonW;marathonW;long;Walk Road II · MarW;time;308;6:06:00.03;21960.03;307;-1
f;marathonW;marathonW;long;Walk Road II · MarW;time;223;6:30:51.03;23451.03;222;-1
f;marathonW;marathonW;long;Walk Road II · MarW;time;136;7:01:55.03;25315.03;135;-1
f;marathonW;marathonW;long;Walk Road II · MarW;time;37;7:54:54.03;28494.03;36;-1
f;50kmW;50kmW;long;Walk Road II · 50km W;time;1396;3:34:34.03;12874.03;1395;-1
f;50kmW;50kmW;long;Walk Road II · 50km W;time;1311;3:48:13.02;13693.02;1310;-1
f;50kmW;50kmW;long;Walk Road II · 50km W;time;1166;4:12:34.04;15154.04;1165;-1
f;50kmW;50kmW;long;Walk Road II · 50km W;time;1133;4:18:19.04;15499.04;1132;-1
f;50kmW;50kmW;long;Walk Road II · 50km W;time;1081;4:27:33.03;16053.03;1080;-1
f;50kmW;50kmW;long;Walk Road II · 50km W;time;958;4:50:19.02;17419.02;957;-1
f;50kmW;50kmW;long;Walk Road II · 50km W;time;907;5:00:11.03;18011.03;906;-1
f;50kmW;50kmW;long;Walk Road II · 50km W;time;875;5:06:31.02;18391.02;874;-1
f;50kmW;50kmW;long;Walk Road II · 50km W;time;620;6:01:49.04;21709.04;619;-1
f;50kmW;50kmW;long;Walk Road II · 50km W;time;596;6:07:34.03;22054.03;595;-1
f;50kmW;50kmW;long;Walk Road II · 50km W;time;572;6:13:26.03;22406.03;571;-1
f;50kmW;50kmW;long;Walk Road II · 50km W;time;520;6:26:35.03;23195.03;519;-1
f;50kmW;50kmW;long;Walk Road II · 50km W;time;347;7:15:55.01;26155.01;346;-1
f;50kmW;50kmW;long;Walk Road II · 50km W;time;199;8:09:20.02;29360.02;198;-1
f;50kmW;50kmW;long;Walk Road II · 50km W;time;195;8:11:01.02;29461.02;194;-1
